onset	onsetTR	message	subject	run	block	attention	condition	phase	stimulus	4.500	3.000	stimOnset	003	5	1	attentionOnStimulus	5.000000e-01	2.618	2
5.500	3.667	maskOnset	003	5	1	attentionOnStimulus	5.000000e-01	2.618	2
6.500	4.333	stimOnset	003	5	1	attentionOnStimulus	5.000000e-01	2.618	2
7.500	5.000	maskOnset	003	5	1	attentionOnStimulus	5.000000e-01	2.618	2
8.500	5.666	stimCatch	003	5	1	attentionOnStimulus	5.000000e-01	2.618	2
9.500	6.333	maskOnset	003	5	1	attentionOnStimulus	5.000000e-01	2.618	2
10.500	7.000	stimOnset	003	5	1	attentionOnStimulus	5.000000e-01	2.618	2
11.500	7.666	maskOnset	003	5	1	attentionOnStimulus	5.000000e-01	2.618	2
12.500	8.333	stimOnset	003	5	1	attentionOnStimulus	5.000000e-01	2.618	2
13.500	9.000	maskOnset	003	5	1	attentionOnStimulus	5.000000e-01	2.618	2
14.116	9.411	fixCatch	003	5	1	attentionOnStimulus	5.000000e-01	2.618	2
14.499	9.666	stimOnset	003	5	1	attentionOnStimulus	5.000000e-01	2.618	2
15.499	10.333	maskOnset	003	5	1	attentionOnStimulus	5.000000e-01	2.618	2
16.499	11.000	stimOnset	003	5	1	attentionOnStimulus	5.000000e-01	2.618	2
17.499	11.666	maskOnset	003	5	1	attentionOnStimulus	5.000000e-01	2.618	2
17.566	11.711	fixCatch	003	5	1	attentionOnStimulus	5.000000e-01	2.618	2
18.499	12.333	stimOnset	003	5	1	attentionOnStimulus	5.000000e-01	2.618	2
19.499	13.000	maskOnset	003	5	1	attentionOnStimulus	5.000000e-01	2.618	2
20.499	13.666	stimOnset	003	5	1	attentionOnStimulus	5.000000e-01	2.618	2
21.499	14.333	maskOnset	003	5	1	attentionOnStimulus	5.000000e-01	2.618	2
22.499	14.999	breakOnset	003	5	1	attentionOnStimulus	5.000000e-01	2.618	2
22.505	15.004	buttonpress	003	5	1	attentionOnStimulus	5.000000e-01	2.618	2
22.515	15.010	buttonpress	003	5	1	attentionOnStimulus	5.000000e-01	2.618	2
22.525	15.017	buttonpress	003	5	1	attentionOnStimulus	5.000000e-01	2.618	2
32.999	21.999	stimOnset	003	5	2	attentionOnStimulus	6	1.571	2
33.082	22.055	maskOnset	003	5	2	attentionOnStimulus	6	1.571	2
33.165	22.110	stimOnset	003	5	2	attentionOnStimulus	6	1.571	2
33.249	22.166	maskOnset	003	5	2	attentionOnStimulus	6	1.571	2
33.332	22.221	stimOnset	003	5	2	attentionOnStimulus	6	1.571	2
33.415	22.277	maskOnset	003	5	2	attentionOnStimulus	6	1.571	2
33.499	22.333	stimOnset	003	5	2	attentionOnStimulus	6	1.571	2
33.582	22.388	maskOnset	003	5	2	attentionOnStimulus	6	1.571	2
33.665	22.444	stimOnset	003	5	2	attentionOnStimulus	6	1.571	2
33.749	22.499	maskOnset	003	5	2	attentionOnStimulus	6	1.571	2
33.832	22.555	stimOnset	003	5	2	attentionOnStimulus	6	1.571	2
33.915	22.610	maskOnset	003	5	2	attentionOnStimulus	6	1.571	2
33.999	22.666	stimOnset	003	5	2	attentionOnStimulus	6	1.571	2
34.082	22.721	maskOnset	003	5	2	attentionOnStimulus	6	1.571	2
34.165	22.777	stimOnset	003	5	2	attentionOnStimulus	6	1.571	2
34.249	22.833	maskOnset	003	5	2	attentionOnStimulus	6	1.571	2
34.332	22.888	stimOnset	003	5	2	attentionOnStimulus	6	1.571	2
34.415	22.944	maskCatch	003	5	2	attentionOnStimulus	6	1.571	2
34.499	22.999	stimCatch	003	5	2	attentionOnStimulus	6	1.571	2
34.582	23.055	maskCatch	003	5	2	attentionOnStimulus	6	1.571	2
34.665	23.110	stimCatch	003	5	2	attentionOnStimulus	6	1.571	2
34.749	23.166	maskCatch	003	5	2	attentionOnStimulus	6	1.571	2
34.832	23.221	stimCatch	003	5	2	attentionOnStimulus	6	1.571	2
34.915	23.277	maskCatch	003	5	2	attentionOnStimulus	6	1.571	2
34.999	23.332	stimCatch	003	5	2	attentionOnStimulus	6	1.571	2
35.082	23.388	maskCatch	003	5	2	attentionOnStimulus	6	1.571	2
35.165	23.444	stimCatch	003	5	2	attentionOnStimulus	6	1.571	2
35.249	23.499	maskCatch	003	5	2	attentionOnStimulus	6	1.571	2
35.332	23.555	stimCatch	003	5	2	attentionOnStimulus	6	1.571	2
35.415	23.610	maskOnset	003	5	2	attentionOnStimulus	6	1.571	2
35.499	23.666	stimOnset	003	5	2	attentionOnStimulus	6	1.571	2
35.582	23.721	maskOnset	003	5	2	attentionOnStimulus	6	1.571	2
35.665	23.777	stimOnset	003	5	2	attentionOnStimulus	6	1.571	2
35.749	23.832	maskOnset	003	5	2	attentionOnStimulus	6	1.571	2
35.832	23.888	stimOnset	003	5	2	attentionOnStimulus	6	1.571	2
35.915	23.944	maskOnset	003	5	2	attentionOnStimulus	6	1.571	2
35.999	23.999	stimOnset	003	5	2	attentionOnStimulus	6	1.571	2
36.082	24.055	maskOnset	003	5	2	attentionOnStimulus	6	1.571	2
36.165	24.110	stimOnset	003	5	2	attentionOnStimulus	6	1.571	2
36.249	24.166	maskOnset	003	5	2	attentionOnStimulus	6	1.571	2
36.332	24.221	stimOnset	003	5	2	attentionOnStimulus	6	1.571	2
36.415	24.277	maskOnset	003	5	2	attentionOnStimulus	6	1.571	2
36.499	24.332	stimOnset	003	5	2	attentionOnStimulus	6	1.571	2
36.582	24.388	maskOnset	003	5	2	attentionOnStimulus	6	1.571	2
36.665	24.444	stimOnset	003	5	2	attentionOnStimulus	6	1.571	2
36.749	24.499	maskOnset	003	5	2	attentionOnStimulus	6	1.571	2
36.832	24.555	stimOnset	003	5	2	attentionOnStimulus	6	1.571	2
36.915	24.610	maskOnset	003	5	2	attentionOnStimulus	6	1.571	2
36.999	24.666	stimOnset	003	5	2	attentionOnStimulus	6	1.571	2
37.082	24.721	maskOnset	003	5	2	attentionOnStimulus	6	1.571	2
37.165	24.777	stimOnset	003	5	2	attentionOnStimulus	6	1.571	2
37.249	24.832	maskOnset	003	5	2	attentionOnStimulus	6	1.571	2
37.332	24.888	stimOnset	003	5	2	attentionOnStimulus	6	1.571	2
37.415	24.944	maskOnset	003	5	2	attentionOnStimulus	6	1.571	2
37.499	24.999	stimOnset	003	5	2	attentionOnStimulus	6	1.571	2
37.582	25.055	maskOnset	003	5	2	attentionOnStimulus	6	1.571	2
37.665	25.110	stimOnset	003	5	2	attentionOnStimulus	6	1.571	2
37.749	25.166	maskOnset	003	5	2	attentionOnStimulus	6	1.571	2
37.832	25.221	stimOnset	003	5	2	attentionOnStimulus	6	1.571	2
37.915	25.277	maskOnset	003	5	2	attentionOnStimulus	6	1.571	2
37.999	25.332	stimOnset	003	5	2	attentionOnStimulus	6	1.571	2
38.082	25.388	maskCatch	003	5	2	attentionOnStimulus	6	1.571	2
38.165	25.444	stimCatch	003	5	2	attentionOnStimulus	6	1.571	2
38.249	25.499	maskCatch	003	5	2	attentionOnStimulus	6	1.571	2
38.332	25.555	stimCatch	003	5	2	attentionOnStimulus	6	1.571	2
38.415	25.610	maskCatch	003	5	2	attentionOnStimulus	6	1.571	2
38.499	25.666	stimCatch	003	5	2	attentionOnStimulus	6	1.571	2
38.582	25.721	maskCatch	003	5	2	attentionOnStimulus	6	1.571	2
38.665	25.777	stimCatch	003	5	2	attentionOnStimulus	6	1.571	2
38.749	25.832	maskCatch	003	5	2	attentionOnStimulus	6	1.571	2
38.832	25.888	stimCatch	003	5	2	attentionOnStimulus	6	1.571	2
38.915	25.944	maskCatch	003	5	2	attentionOnStimulus	6	1.571	2
38.999	25.999	stimCatch	003	5	2	attentionOnStimulus	6	1.571	2
39.082	26.055	maskOnset	003	5	2	attentionOnStimulus	6	1.571	2
39.165	26.110	stimOnset	003	5	2	attentionOnStimulus	6	1.571	2
39.249	26.166	maskOnset	003	5	2	attentionOnStimulus	6	1.571	2
39.332	26.221	stimOnset	003	5	2	attentionOnStimulus	6	1.571	2
39.415	26.277	maskOnset	003	5	2	attentionOnStimulus	6	1.571	2
39.499	26.332	stimOnset	003	5	2	attentionOnStimulus	6	1.571	2
39.582	26.388	maskOnset	003	5	2	attentionOnStimulus	6	1.571	2
39.665	26.443	stimOnset	003	5	2	attentionOnStimulus	6	1.571	2
39.749	26.499	maskOnset	003	5	2	attentionOnStimulus	6	1.571	2
39.832	26.555	stimOnset	003	5	2	attentionOnStimulus	6	1.571	2
39.915	26.610	maskOnset	003	5	2	attentionOnStimulus	6	1.571	2
39.999	26.666	stimOnset	003	5	2	attentionOnStimulus	6	1.571	2
40.082	26.721	maskOnset	003	5	2	attentionOnStimulus	6	1.571	2
40.165	26.777	stimOnset	003	5	2	attentionOnStimulus	6	1.571	2
40.249	26.832	maskOnset	003	5	2	attentionOnStimulus	6	1.571	2
40.332	26.888	stimOnset	003	5	2	attentionOnStimulus	6	1.571	2
40.415	26.943	maskOnset	003	5	2	attentionOnStimulus	6	1.571	2
40.499	26.999	stimOnset	003	5	2	attentionOnStimulus	6	1.571	2
40.582	27.055	maskOnset	003	5	2	attentionOnStimulus	6	1.571	2
40.665	27.110	stimOnset	003	5	2	attentionOnStimulus	6	1.571	2
40.749	27.166	maskOnset	003	5	2	attentionOnStimulus	6	1.571	2
40.832	27.221	stimOnset	003	5	2	attentionOnStimulus	6	1.571	2
40.915	27.277	maskOnset	003	5	2	attentionOnStimulus	6	1.571	2
40.999	27.332	stimOnset	003	5	2	attentionOnStimulus	6	1.571	2
41.082	27.388	maskOnset	003	5	2	attentionOnStimulus	6	1.571	2
41.165	27.443	stimOnset	003	5	2	attentionOnStimulus	6	1.571	2
41.249	27.499	maskOnset	003	5	2	attentionOnStimulus	6	1.571	2
41.332	27.555	stimOnset	003	5	2	attentionOnStimulus	6	1.571	2
41.415	27.610	maskOnset	003	5	2	attentionOnStimulus	6	1.571	2
41.498	27.666	stimOnset	003	5	2	attentionOnStimulus	6	1.571	2
41.582	27.721	maskOnset	003	5	2	attentionOnStimulus	6	1.571	2
41.665	27.777	stimOnset	003	5	2	attentionOnStimulus	6	1.571	2
41.748	27.832	maskOnset	003	5	2	attentionOnStimulus	6	1.571	2
41.832	27.888	stimOnset	003	5	2	attentionOnStimulus	6	1.571	2
41.915	27.943	maskOnset	003	5	2	attentionOnStimulus	6	1.571	2
41.998	27.999	stimOnset	003	5	2	attentionOnStimulus	6	1.571	2
42.082	28.055	maskOnset	003	5	2	attentionOnStimulus	6	1.571	2
42.165	28.110	stimOnset	003	5	2	attentionOnStimulus	6	1.571	2
42.248	28.166	maskOnset	003	5	2	attentionOnStimulus	6	1.571	2
42.332	28.221	stimOnset	003	5	2	attentionOnStimulus	6	1.571	2
42.415	28.277	maskOnset	003	5	2	attentionOnStimulus	6	1.571	2
42.498	28.332	stimOnset	003	5	2	attentionOnStimulus	6	1.571	2
42.582	28.388	maskOnset	003	5	2	attentionOnStimulus	6	1.571	2
42.665	28.443	stimOnset	003	5	2	attentionOnStimulus	6	1.571	2
42.748	28.499	maskOnset	003	5	2	attentionOnStimulus	6	1.571	2
42.832	28.555	stimOnset	003	5	2	attentionOnStimulus	6	1.571	2
42.915	28.610	maskOnset	003	5	2	attentionOnStimulus	6	1.571	2
42.998	28.666	stimOnset	003	5	2	attentionOnStimulus	6	1.571	2
43.082	28.721	maskOnset	003	5	2	attentionOnStimulus	6	1.571	2
43.165	28.777	stimOnset	003	5	2	attentionOnStimulus	6	1.571	2
43.248	28.832	maskOnset	003	5	2	attentionOnStimulus	6	1.571	2
43.332	28.888	stimOnset	003	5	2	attentionOnStimulus	6	1.571	2
43.415	28.943	maskOnset	003	5	2	attentionOnStimulus	6	1.571	2
43.498	28.999	stimOnset	003	5	2	attentionOnStimulus	6	1.571	2
43.582	29.054	maskOnset	003	5	2	attentionOnStimulus	6	1.571	2
43.632	29.088	fixCatch	003	5	2	attentionOnStimulus	6	1.571	2
43.633	29.089	fixCatchNextStimulus	003	5	2	attentionOnStimulus	6	1.571	2
43.665	29.110	stimOnset	003	5	2	attentionOnStimulus	6	1.571	2
43.682	29.121	fixCatch	003	5	2	attentionOnStimulus	6	1.571	2
43.748	29.166	maskOnset	003	5	2	attentionOnStimulus	6	1.571	2
43.832	29.221	stimOnset	003	5	2	attentionOnStimulus	6	1.571	2
43.915	29.277	maskOnset	003	5	2	attentionOnStimulus	6	1.571	2
43.998	29.332	stimOnset	003	5	2	attentionOnStimulus	6	1.571	2
44.082	29.388	maskOnset	003	5	2	attentionOnStimulus	6	1.571	2
44.165	29.443	stimOnset	003	5	2	attentionOnStimulus	6	1.571	2
44.248	29.499	maskOnset	003	5	2	attentionOnStimulus	6	1.571	2
44.332	29.554	stimOnset	003	5	2	attentionOnStimulus	6	1.571	2
44.415	29.610	maskOnset	003	5	2	attentionOnStimulus	6	1.571	2
44.498	29.666	stimOnset	003	5	2	attentionOnStimulus	6	1.571	2
44.582	29.721	maskOnset	003	5	2	attentionOnStimulus	6	1.571	2
44.665	29.777	stimOnset	003	5	2	attentionOnStimulus	6	1.571	2
44.748	29.832	maskOnset	003	5	2	attentionOnStimulus	6	1.571	2
44.832	29.888	stimOnset	003	5	2	attentionOnStimulus	6	1.571	2
44.915	29.943	maskOnset	003	5	2	attentionOnStimulus	6	1.571	2
44.998	29.999	stimOnset	003	5	2	attentionOnStimulus	6	1.571	2
45.082	30.054	maskOnset	003	5	2	attentionOnStimulus	6	1.571	2
45.165	30.110	stimOnset	003	5	2	attentionOnStimulus	6	1.571	2
45.248	30.166	maskOnset	003	5	2	attentionOnStimulus	6	1.571	2
45.332	30.221	stimOnset	003	5	2	attentionOnStimulus	6	1.571	2
45.415	30.277	maskOnset	003	5	2	attentionOnStimulus	6	1.571	2
45.498	30.332	stimOnset	003	5	2	attentionOnStimulus	6	1.571	2
45.582	30.388	maskOnset	003	5	2	attentionOnStimulus	6	1.571	2
45.665	30.443	stimOnset	003	5	2	attentionOnStimulus	6	1.571	2
45.748	30.499	maskOnset	003	5	2	attentionOnStimulus	6	1.571	2
45.832	30.554	stimOnset	003	5	2	attentionOnStimulus	6	1.571	2
45.915	30.610	maskOnset	003	5	2	attentionOnStimulus	6	1.571	2
45.998	30.666	stimOnset	003	5	2	attentionOnStimulus	6	1.571	2
46.082	30.721	maskOnset	003	5	2	attentionOnStimulus	6	1.571	2
46.165	30.777	stimOnset	003	5	2	attentionOnStimulus	6	1.571	2
46.248	30.832	maskOnset	003	5	2	attentionOnStimulus	6	1.571	2
46.332	30.888	stimOnset	003	5	2	attentionOnStimulus	6	1.571	2
46.415	30.943	maskOnset	003	5	2	attentionOnStimulus	6	1.571	2
46.498	30.999	stimOnset	003	5	2	attentionOnStimulus	6	1.571	2
46.582	31.054	maskOnset	003	5	2	attentionOnStimulus	6	1.571	2
46.665	31.110	stimOnset	003	5	2	attentionOnStimulus	6	1.571	2
46.748	31.166	maskOnset	003	5	2	attentionOnStimulus	6	1.571	2
46.832	31.221	stimOnset	003	5	2	attentionOnStimulus	6	1.571	2
46.915	31.277	maskOnset	003	5	2	attentionOnStimulus	6	1.571	2
46.998	31.332	stimOnset	003	5	2	attentionOnStimulus	6	1.571	2
47.082	31.388	maskOnset	003	5	2	attentionOnStimulus	6	1.571	2
47.165	31.443	stimOnset	003	5	2	attentionOnStimulus	6	1.571	2
47.248	31.499	maskOnset	003	5	2	attentionOnStimulus	6	1.571	2
47.332	31.554	stimOnset	003	5	2	attentionOnStimulus	6	1.571	2
47.415	31.610	maskOnset	003	5	2	attentionOnStimulus	6	1.571	2
47.498	31.666	stimOnset	003	5	2	attentionOnStimulus	6	1.571	2
47.582	31.721	maskOnset	003	5	2	attentionOnStimulus	6	1.571	2
47.665	31.777	stimOnset	003	5	2	attentionOnStimulus	6	1.571	2
47.748	31.832	maskOnset	003	5	2	attentionOnStimulus	6	1.571	2
47.832	31.888	stimOnset	003	5	2	attentionOnStimulus	6	1.571	2
47.915	31.943	maskOnset	003	5	2	attentionOnStimulus	6	1.571	2
47.998	31.999	stimOnset	003	5	2	attentionOnStimulus	6	1.571	2
48.082	32.054	maskOnset	003	5	2	attentionOnStimulus	6	1.571	2
48.165	32.110	stimOnset	003	5	2	attentionOnStimulus	6	1.571	2
48.248	32.165	maskOnset	003	5	2	attentionOnStimulus	6	1.571	2
48.332	32.221	stimOnset	003	5	2	attentionOnStimulus	6	1.571	2
48.415	32.277	maskOnset	003	5	2	attentionOnStimulus	6	1.571	2
48.498	32.332	stimOnset	003	5	2	attentionOnStimulus	6	1.571	2
48.582	32.388	maskOnset	003	5	2	attentionOnStimulus	6	1.571	2
48.665	32.443	stimOnset	003	5	2	attentionOnStimulus	6	1.571	2
48.748	32.499	maskOnset	003	5	2	attentionOnStimulus	6	1.571	2
48.832	32.554	stimOnset	003	5	2	attentionOnStimulus	6	1.571	2
48.915	32.610	maskOnset	003	5	2	attentionOnStimulus	6	1.571	2
48.998	32.665	stimOnset	003	5	2	attentionOnStimulus	6	1.571	2
49.082	32.721	maskOnset	003	5	2	attentionOnStimulus	6	1.571	2
49.165	32.777	stimOnset	003	5	2	attentionOnStimulus	6	1.571	2
49.248	32.832	maskOnset	003	5	2	attentionOnStimulus	6	1.571	2
49.332	32.888	stimOnset	003	5	2	attentionOnStimulus	6	1.571	2
49.415	32.943	maskOnset	003	5	2	attentionOnStimulus	6	1.571	2
49.498	32.999	breakOnset	003	5	2	attentionOnStimulus	6	1.571	2
49.502	33.001	buttonpress	003	5	2	attentionOnStimulus	6	1.571	2
49.509	33.006	buttonpress	003	5	2	attentionOnStimulus	6	1.571	2
49.517	33.011	buttonpress	003	5	2	attentionOnStimulus	6	1.571	2
61.498	40.998	stimOnset	003	5	3	attentionOnStimulus	5.000000e-01	1.047	1
62.498	41.665	maskOnset	003	5	3	attentionOnStimulus	5.000000e-01	1.047	1
63.498	42.332	stimOnset	003	5	3	attentionOnStimulus	5.000000e-01	1.047	1
64.498	42.998	maskCatch	003	5	3	attentionOnStimulus	5.000000e-01	1.047	1
65.498	43.665	stimOnset	003	5	3	attentionOnStimulus	5.000000e-01	1.047	1
66.498	44.332	maskOnset	003	5	3	attentionOnStimulus	5.000000e-01	1.047	1
67.498	44.998	stimOnset	003	5	3	attentionOnStimulus	5.000000e-01	1.047	1
68.497	45.665	maskOnset	003	5	3	attentionOnStimulus	5.000000e-01	1.047	1
69.497	46.332	stimOnset	003	5	3	attentionOnStimulus	5.000000e-01	1.047	1
70.497	46.998	maskOnset	003	5	3	attentionOnStimulus	5.000000e-01	1.047	1
71.497	47.665	stimCatch	003	5	3	attentionOnStimulus	5.000000e-01	1.047	1
72.497	48.332	maskOnset	003	5	3	attentionOnStimulus	5.000000e-01	1.047	1
73.497	48.998	stimOnset	003	5	3	attentionOnStimulus	5.000000e-01	1.047	1
74.497	49.665	maskOnset	003	5	3	attentionOnStimulus	5.000000e-01	1.047	1
75.497	50.331	stimOnset	003	5	3	attentionOnStimulus	5.000000e-01	1.047	1
76.497	50.998	maskOnset	003	5	3	attentionOnStimulus	5.000000e-01	1.047	1
77.497	51.665	stimOnset	003	5	3	attentionOnStimulus	5.000000e-01	1.047	1
78.497	52.331	maskOnset	003	5	3	attentionOnStimulus	5.000000e-01	1.047	1
79.497	52.998	breakOnset	003	5	3	attentionOnStimulus	5.000000e-01	1.047	1
79.501	53.000	buttonpress	003	5	3	attentionOnStimulus	5.000000e-01	1.047	1
89.997	59.998	stimOnset	003	5	4	attentionOnStimulus	6	0.000	1
90.080	60.053	maskOnset	003	5	4	attentionOnStimulus	6	0.000	1
90.163	60.109	stimOnset	003	5	4	attentionOnStimulus	6	0.000	1
90.247	60.164	maskOnset	003	5	4	attentionOnStimulus	6	0.000	1
90.330	60.220	stimOnset	003	5	4	attentionOnStimulus	6	0.000	1
90.363	60.242	fixCatch	003	5	4	attentionOnStimulus	6	0.000	1
90.364	60.243	fixCatchNextStimulus	003	5	4	attentionOnStimulus	6	0.000	1
90.413	60.276	maskOnset	003	5	4	attentionOnStimulus	6	0.000	1
90.430	60.287	fixCatch	003	5	4	attentionOnStimulus	6	0.000	1
90.497	60.331	stimOnset	003	5	4	attentionOnStimulus	6	0.000	1
90.580	60.387	maskOnset	003	5	4	attentionOnStimulus	6	0.000	1
90.663	60.442	stimOnset	003	5	4	attentionOnStimulus	6	0.000	1
90.747	60.498	maskOnset	003	5	4	attentionOnStimulus	6	0.000	1
90.830	60.553	stimOnset	003	5	4	attentionOnStimulus	6	0.000	1
90.913	60.609	maskOnset	003	5	4	attentionOnStimulus	6	0.000	1
90.997	60.664	stimOnset	003	5	4	attentionOnStimulus	6	0.000	1
91.080	60.720	maskOnset	003	5	4	attentionOnStimulus	6	0.000	1
91.163	60.776	stimOnset	003	5	4	attentionOnStimulus	6	0.000	1
91.247	60.831	maskOnset	003	5	4	attentionOnStimulus	6	0.000	1
91.330	60.887	stimOnset	003	5	4	attentionOnStimulus	6	0.000	1
91.413	60.942	maskOnset	003	5	4	attentionOnStimulus	6	0.000	1
91.497	60.998	stimOnset	003	5	4	attentionOnStimulus	6	0.000	1
91.580	61.053	maskOnset	003	5	4	attentionOnStimulus	6	0.000	1
91.663	61.109	stimOnset	003	5	4	attentionOnStimulus	6	0.000	1
91.747	61.164	maskOnset	003	5	4	attentionOnStimulus	6	0.000	1
91.830	61.220	stimOnset	003	5	4	attentionOnStimulus	6	0.000	1
91.913	61.276	maskOnset	003	5	4	attentionOnStimulus	6	0.000	1
91.997	61.331	stimOnset	003	5	4	attentionOnStimulus	6	0.000	1
92.080	61.387	maskOnset	003	5	4	attentionOnStimulus	6	0.000	1
92.163	61.442	stimOnset	003	5	4	attentionOnStimulus	6	0.000	1
92.247	61.498	maskOnset	003	5	4	attentionOnStimulus	6	0.000	1
92.330	61.553	stimOnset	003	5	4	attentionOnStimulus	6	0.000	1
92.413	61.609	maskOnset	003	5	4	attentionOnStimulus	6	0.000	1
92.497	61.664	stimOnset	003	5	4	attentionOnStimulus	6	0.000	1
92.580	61.720	maskOnset	003	5	4	attentionOnStimulus	6	0.000	1
92.663	61.776	stimOnset	003	5	4	attentionOnStimulus	6	0.000	1
92.747	61.831	maskOnset	003	5	4	attentionOnStimulus	6	0.000	1
92.830	61.887	stimOnset	003	5	4	attentionOnStimulus	6	0.000	1
92.913	61.942	maskOnset	003	5	4	attentionOnStimulus	6	0.000	1
92.997	61.998	stimOnset	003	5	4	attentionOnStimulus	6	0.000	1
93.080	62.053	maskOnset	003	5	4	attentionOnStimulus	6	0.000	1
93.163	62.109	stimOnset	003	5	4	attentionOnStimulus	6	0.000	1
93.247	62.164	maskOnset	003	5	4	attentionOnStimulus	6	0.000	1
93.330	62.220	stimOnset	003	5	4	attentionOnStimulus	6	0.000	1
93.413	62.275	maskCatch	003	5	4	attentionOnStimulus	6	0.000	1
93.497	62.331	stimCatch	003	5	4	attentionOnStimulus	6	0.000	1
93.580	62.387	maskCatch	003	5	4	attentionOnStimulus	6	0.000	1
93.663	62.442	stimCatch	003	5	4	attentionOnStimulus	6	0.000	1
93.747	62.498	maskCatch	003	5	4	attentionOnStimulus	6	0.000	1
93.830	62.553	stimCatch	003	5	4	attentionOnStimulus	6	0.000	1
93.913	62.609	maskCatch	003	5	4	attentionOnStimulus	6	0.000	1
93.997	62.664	stimCatch	003	5	4	attentionOnStimulus	6	0.000	1
94.080	62.720	maskCatch	003	5	4	attentionOnStimulus	6	0.000	1
94.163	62.775	stimCatch	003	5	4	attentionOnStimulus	6	0.000	1
94.247	62.831	maskCatch	003	5	4	attentionOnStimulus	6	0.000	1
94.330	62.887	stimCatch	003	5	4	attentionOnStimulus	6	0.000	1
94.413	62.942	maskOnset	003	5	4	attentionOnStimulus	6	0.000	1
94.497	62.998	stimOnset	003	5	4	attentionOnStimulus	6	0.000	1
94.580	63.053	maskOnset	003	5	4	attentionOnStimulus	6	0.000	1
94.663	63.109	stimOnset	003	5	4	attentionOnStimulus	6	0.000	1
94.747	63.164	maskOnset	003	5	4	attentionOnStimulus	6	0.000	1
94.830	63.220	stimOnset	003	5	4	attentionOnStimulus	6	0.000	1
94.913	63.275	maskOnset	003	5	4	attentionOnStimulus	6	0.000	1
94.996	63.331	stimOnset	003	5	4	attentionOnStimulus	6	0.000	1
95.080	63.387	maskOnset	003	5	4	attentionOnStimulus	6	0.000	1
95.413	63.609	stimOnset	003	5	4	attentionOnStimulus	6	0.000	1
95.430	63.620	maskOnset	003	5	4	attentionOnStimulus	6	0.000	1
95.446	63.631	stimOnset	003	5	4	attentionOnStimulus	6	0.000	1
95.463	63.642	maskOnset	003	5	4	attentionOnStimulus	6	0.000	1
95.496	63.664	stimOnset	003	5	4	attentionOnStimulus	6	0.000	1
95.580	63.720	maskOnset	003	5	4	attentionOnStimulus	6	0.000	1
95.663	63.775	stimOnset	003	5	4	attentionOnStimulus	6	0.000	1
95.746	63.831	maskOnset	003	5	4	attentionOnStimulus	6	0.000	1
95.830	63.887	stimOnset	003	5	4	attentionOnStimulus	6	0.000	1
95.913	63.942	maskOnset	003	5	4	attentionOnStimulus	6	0.000	1
95.996	63.998	stimOnset	003	5	4	attentionOnStimulus	6	0.000	1
96.080	64.053	maskOnset	003	5	4	attentionOnStimulus	6	0.000	1
96.163	64.109	stimOnset	003	5	4	attentionOnStimulus	6	0.000	1
96.246	64.164	maskOnset	003	5	4	attentionOnStimulus	6	0.000	1
96.330	64.220	stimOnset	003	5	4	attentionOnStimulus	6	0.000	1
96.413	64.275	maskOnset	003	5	4	attentionOnStimulus	6	0.000	1
96.496	64.331	stimOnset	003	5	4	attentionOnStimulus	6	0.000	1
96.580	64.386	maskOnset	003	5	4	attentionOnStimulus	6	0.000	1
96.663	64.442	stimOnset	003	5	4	attentionOnStimulus	6	0.000	1
96.746	64.498	maskOnset	003	5	4	attentionOnStimulus	6	0.000	1
96.830	64.553	stimOnset	003	5	4	attentionOnStimulus	6	0.000	1
96.913	64.609	maskOnset	003	5	4	attentionOnStimulus	6	0.000	1
96.996	64.664	stimOnset	003	5	4	attentionOnStimulus	6	0.000	1
97.080	64.720	maskOnset	003	5	4	attentionOnStimulus	6	0.000	1
97.163	64.775	stimOnset	003	5	4	attentionOnStimulus	6	0.000	1
97.246	64.831	maskOnset	003	5	4	attentionOnStimulus	6	0.000	1
97.330	64.886	stimOnset	003	5	4	attentionOnStimulus	6	0.000	1
97.413	64.942	maskOnset	003	5	4	attentionOnStimulus	6	0.000	1
97.496	64.998	stimOnset	003	5	4	attentionOnStimulus	6	0.000	1
97.580	65.053	maskOnset	003	5	4	attentionOnStimulus	6	0.000	1
97.663	65.109	stimOnset	003	5	4	attentionOnStimulus	6	0.000	1
97.746	65.164	maskOnset	003	5	4	attentionOnStimulus	6	0.000	1
97.830	65.220	stimOnset	003	5	4	attentionOnStimulus	6	0.000	1
97.913	65.275	maskOnset	003	5	4	attentionOnStimulus	6	0.000	1
97.996	65.331	stimOnset	003	5	4	attentionOnStimulus	6	0.000	1
98.080	65.386	maskOnset	003	5	4	attentionOnStimulus	6	0.000	1
98.163	65.442	stimOnset	003	5	4	attentionOnStimulus	6	0.000	1
98.246	65.498	maskOnset	003	5	4	attentionOnStimulus	6	0.000	1
98.330	65.553	stimOnset	003	5	4	attentionOnStimulus	6	0.000	1
98.413	65.609	maskOnset	003	5	4	attentionOnStimulus	6	0.000	1
98.496	65.664	stimOnset	003	5	4	attentionOnStimulus	6	0.000	1
98.580	65.720	maskOnset	003	5	4	attentionOnStimulus	6	0.000	1
98.663	65.775	stimOnset	003	5	4	attentionOnStimulus	6	0.000	1
98.746	65.831	maskOnset	003	5	4	attentionOnStimulus	6	0.000	1
98.830	65.886	stimOnset	003	5	4	attentionOnStimulus	6	0.000	1
98.913	65.942	maskOnset	003	5	4	attentionOnStimulus	6	0.000	1
98.996	65.998	stimOnset	003	5	4	attentionOnStimulus	6	0.000	1
99.080	66.053	maskOnset	003	5	4	attentionOnStimulus	6	0.000	1
99.163	66.109	stimOnset	003	5	4	attentionOnStimulus	6	0.000	1
99.246	66.164	maskOnset	003	5	4	attentionOnStimulus	6	0.000	1
99.330	66.220	stimOnset	003	5	4	attentionOnStimulus	6	0.000	1
99.413	66.275	maskOnset	003	5	4	attentionOnStimulus	6	0.000	1
99.496	66.331	stimOnset	003	5	4	attentionOnStimulus	6	0.000	1
99.580	66.386	maskOnset	003	5	4	attentionOnStimulus	6	0.000	1
99.663	66.442	stimOnset	003	5	4	attentionOnStimulus	6	0.000	1
99.746	66.498	maskOnset	003	5	4	attentionOnStimulus	6	0.000	1
99.830	66.553	stimOnset	003	5	4	attentionOnStimulus	6	0.000	1
99.913	66.609	maskOnset	003	5	4	attentionOnStimulus	6	0.000	1
99.996	66.664	stimOnset	003	5	4	attentionOnStimulus	6	0.000	1
100.080	66.720	maskOnset	003	5	4	attentionOnStimulus	6	0.000	1
100.163	66.775	stimOnset	003	5	4	attentionOnStimulus	6	0.000	1
100.246	66.831	maskOnset	003	5	4	attentionOnStimulus	6	0.000	1
100.330	66.886	stimOnset	003	5	4	attentionOnStimulus	6	0.000	1
100.413	66.942	maskOnset	003	5	4	attentionOnStimulus	6	0.000	1
100.496	66.998	stimOnset	003	5	4	attentionOnStimulus	6	0.000	1
100.580	67.053	maskOnset	003	5	4	attentionOnStimulus	6	0.000	1
100.663	67.109	stimOnset	003	5	4	attentionOnStimulus	6	0.000	1
100.746	67.164	maskOnset	003	5	4	attentionOnStimulus	6	0.000	1
100.830	67.220	stimOnset	003	5	4	attentionOnStimulus	6	0.000	1
100.913	67.275	maskOnset	003	5	4	attentionOnStimulus	6	0.000	1
100.996	67.331	stimOnset	003	5	4	attentionOnStimulus	6	0.000	1
101.080	67.386	maskOnset	003	5	4	attentionOnStimulus	6	0.000	1
101.163	67.442	stimOnset	003	5	4	attentionOnStimulus	6	0.000	1
101.246	67.497	maskOnset	003	5	4	attentionOnStimulus	6	0.000	1
101.330	67.553	stimOnset	003	5	4	attentionOnStimulus	6	0.000	1
101.413	67.609	maskOnset	003	5	4	attentionOnStimulus	6	0.000	1
101.496	67.664	stimOnset	003	5	4	attentionOnStimulus	6	0.000	1
101.580	67.720	maskOnset	003	5	4	attentionOnStimulus	6	0.000	1
101.663	67.775	stimOnset	003	5	4	attentionOnStimulus	6	0.000	1
101.746	67.831	maskOnset	003	5	4	attentionOnStimulus	6	0.000	1
101.830	67.886	stimOnset	003	5	4	attentionOnStimulus	6	0.000	1
101.913	67.942	maskOnset	003	5	4	attentionOnStimulus	6	0.000	1
101.996	67.997	stimOnset	003	5	4	attentionOnStimulus	6	0.000	1
102.080	68.053	maskOnset	003	5	4	attentionOnStimulus	6	0.000	1
102.163	68.109	stimOnset	003	5	4	attentionOnStimulus	6	0.000	1
102.246	68.164	maskOnset	003	5	4	attentionOnStimulus	6	0.000	1
102.330	68.220	stimOnset	003	5	4	attentionOnStimulus	6	0.000	1
102.413	68.275	maskOnset	003	5	4	attentionOnStimulus	6	0.000	1
102.496	68.331	stimOnset	003	5	4	attentionOnStimulus	6	0.000	1
102.580	68.386	maskOnset	003	5	4	attentionOnStimulus	6	0.000	1
102.663	68.442	stimOnset	003	5	4	attentionOnStimulus	6	0.000	1
102.746	68.497	maskOnset	003	5	4	attentionOnStimulus	6	0.000	1
102.829	68.553	stimOnset	003	5	4	attentionOnStimulus	6	0.000	1
102.913	68.609	maskOnset	003	5	4	attentionOnStimulus	6	0.000	1
102.996	68.664	stimOnset	003	5	4	attentionOnStimulus	6	0.000	1
103.079	68.720	maskOnset	003	5	4	attentionOnStimulus	6	0.000	1
103.163	68.775	stimOnset	003	5	4	attentionOnStimulus	6	0.000	1
103.164	68.776	fixCatchNextStimulus	003	5	4	attentionOnStimulus	6	0.000	1
103.165	68.777	fixCatchNextStimulus	003	5	4	attentionOnStimulus	6	0.000	1
103.246	68.831	maskOnset	003	5	4	attentionOnStimulus	6	0.000	1
103.263	68.842	fixCatch	003	5	4	attentionOnStimulus	6	0.000	1
103.264	68.843	fixCatchNextStimulus	003	5	4	attentionOnStimulus	6	0.000	1
103.329	68.886	stimOnset	003	5	4	attentionOnStimulus	6	0.000	1
103.413	68.942	maskOnset	003	5	4	attentionOnStimulus	6	0.000	1
103.496	68.997	stimOnset	003	5	4	attentionOnStimulus	6	0.000	1
103.579	69.053	maskOnset	003	5	4	attentionOnStimulus	6	0.000	1
103.663	69.109	stimOnset	003	5	4	attentionOnStimulus	6	0.000	1
103.746	69.164	maskOnset	003	5	4	attentionOnStimulus	6	0.000	1
103.829	69.220	stimOnset	003	5	4	attentionOnStimulus	6	0.000	1
103.913	69.275	maskOnset	003	5	4	attentionOnStimulus	6	0.000	1
103.996	69.331	stimOnset	003	5	4	attentionOnStimulus	6	0.000	1
104.079	69.386	maskOnset	003	5	4	attentionOnStimulus	6	0.000	1
104.163	69.442	stimOnset	003	5	4	attentionOnStimulus	6	0.000	1
104.246	69.497	maskOnset	003	5	4	attentionOnStimulus	6	0.000	1
104.329	69.553	stimOnset	003	5	4	attentionOnStimulus	6	0.000	1
104.413	69.609	maskOnset	003	5	4	attentionOnStimulus	6	0.000	1
104.496	69.664	stimOnset	003	5	4	attentionOnStimulus	6	0.000	1
104.579	69.720	maskOnset	003	5	4	attentionOnStimulus	6	0.000	1
104.663	69.775	stimOnset	003	5	4	attentionOnStimulus	6	0.000	1
104.746	69.831	maskOnset	003	5	4	attentionOnStimulus	6	0.000	1
104.829	69.886	stimOnset	003	5	4	attentionOnStimulus	6	0.000	1
104.913	69.942	maskOnset	003	5	4	attentionOnStimulus	6	0.000	1
104.996	69.997	stimOnset	003	5	4	attentionOnStimulus	6	0.000	1
105.079	70.053	maskOnset	003	5	4	attentionOnStimulus	6	0.000	1
105.163	70.108	stimOnset	003	5	4	attentionOnStimulus	6	0.000	1
105.246	70.164	maskOnset	003	5	4	attentionOnStimulus	6	0.000	1
105.329	70.220	stimOnset	003	5	4	attentionOnStimulus	6	0.000	1
105.413	70.275	maskOnset	003	5	4	attentionOnStimulus	6	0.000	1
105.496	70.331	stimOnset	003	5	4	attentionOnStimulus	6	0.000	1
105.579	70.386	maskOnset	003	5	4	attentionOnStimulus	6	0.000	1
105.663	70.442	stimOnset	003	5	4	attentionOnStimulus	6	0.000	1
105.746	70.497	maskOnset	003	5	4	attentionOnStimulus	6	0.000	1
105.829	70.553	stimOnset	003	5	4	attentionOnStimulus	6	0.000	1
105.913	70.608	maskOnset	003	5	4	attentionOnStimulus	6	0.000	1
105.996	70.664	stimOnset	003	5	4	attentionOnStimulus	6	0.000	1
106.079	70.720	maskOnset	003	5	4	attentionOnStimulus	6	0.000	1
106.163	70.775	stimOnset	003	5	4	attentionOnStimulus	6	0.000	1
106.246	70.831	maskOnset	003	5	4	attentionOnStimulus	6	0.000	1
106.329	70.886	stimOnset	003	5	4	attentionOnStimulus	6	0.000	1
106.413	70.942	maskOnset	003	5	4	attentionOnStimulus	6	0.000	1
106.496	70.997	stimOnset	003	5	4	attentionOnStimulus	6	0.000	1
106.579	71.053	maskOnset	003	5	4	attentionOnStimulus	6	0.000	1
106.663	71.108	breakOnset	003	5	4	attentionOnStimulus	6	0.000	1
106.666	71.111	buttonpress	003	5	4	attentionOnStimulus	6	0.000	1
118.496	78.997	stimOnset	003	5	5	attentionOnStimulus	2	3.665	1
118.746	79.164	maskOnset	003	5	5	attentionOnStimulus	2	3.665	1
118.996	79.330	stimOnset	003	5	5	attentionOnStimulus	2	3.665	1
119.246	79.497	maskOnset	003	5	5	attentionOnStimulus	2	3.665	1
119.496	79.664	stimOnset	003	5	5	attentionOnStimulus	2	3.665	1
119.746	79.830	maskOnset	003	5	5	attentionOnStimulus	2	3.665	1
119.996	79.997	stimOnset	003	5	5	attentionOnStimulus	2	3.665	1
120.245	80.164	maskOnset	003	5	5	attentionOnStimulus	2	3.665	1
120.495	80.330	stimOnset	003	5	5	attentionOnStimulus	2	3.665	1
120.612	80.408	fixCatch	003	5	5	attentionOnStimulus	2	3.665	1
120.745	80.497	maskOnset	003	5	5	attentionOnStimulus	2	3.665	1
120.995	80.664	stimOnset	003	5	5	attentionOnStimulus	2	3.665	1
121.245	80.830	maskOnset	003	5	5	attentionOnStimulus	2	3.665	1
121.495	80.997	stimOnset	003	5	5	attentionOnStimulus	2	3.665	1
121.745	81.164	maskOnset	003	5	5	attentionOnStimulus	2	3.665	1
121.995	81.330	stimOnset	003	5	5	attentionOnStimulus	2	3.665	1
122.245	81.497	maskOnset	003	5	5	attentionOnStimulus	2	3.665	1
122.495	81.664	stimOnset	003	5	5	attentionOnStimulus	2	3.665	1
122.745	81.830	maskOnset	003	5	5	attentionOnStimulus	2	3.665	1
122.995	81.997	stimOnset	003	5	5	attentionOnStimulus	2	3.665	1
123.245	82.164	maskOnset	003	5	5	attentionOnStimulus	2	3.665	1
123.495	82.330	stimOnset	003	5	5	attentionOnStimulus	2	3.665	1
123.745	82.497	maskOnset	003	5	5	attentionOnStimulus	2	3.665	1
123.995	82.664	stimOnset	003	5	5	attentionOnStimulus	2	3.665	1
124.245	82.830	maskOnset	003	5	5	attentionOnStimulus	2	3.665	1
124.495	82.997	stimOnset	003	5	5	attentionOnStimulus	2	3.665	1
124.745	83.164	maskOnset	003	5	5	attentionOnStimulus	2	3.665	1
124.995	83.330	stimOnset	003	5	5	attentionOnStimulus	2	3.665	1
124.996	83.331	fixCatchNextStimulus	003	5	5	attentionOnStimulus	2	3.665	1
124.997	83.332	fixCatchNextStimulus	003	5	5	attentionOnStimulus	2	3.665	1
125.245	83.497	maskOnset	003	5	5	attentionOnStimulus	2	3.665	1
125.262	83.508	fixCatch	003	5	5	attentionOnStimulus	2	3.665	1
125.495	83.664	stimOnset	003	5	5	attentionOnStimulus	2	3.665	1
125.745	83.830	maskOnset	003	5	5	attentionOnStimulus	2	3.665	1
125.995	83.997	stimOnset	003	5	5	attentionOnStimulus	2	3.665	1
126.245	84.164	maskOnset	003	5	5	attentionOnStimulus	2	3.665	1
126.495	84.330	stimOnset	003	5	5	attentionOnStimulus	2	3.665	1
126.745	84.497	maskOnset	003	5	5	attentionOnStimulus	2	3.665	1
126.995	84.664	stimCatch	003	5	5	attentionOnStimulus	2	3.665	1
127.245	84.830	maskCatch	003	5	5	attentionOnStimulus	2	3.665	1
127.495	84.997	stimCatch	003	5	5	attentionOnStimulus	2	3.665	1
127.745	85.163	maskCatch	003	5	5	attentionOnStimulus	2	3.665	1
127.995	85.330	stimOnset	003	5	5	attentionOnStimulus	2	3.665	1
128.245	85.497	maskOnset	003	5	5	attentionOnStimulus	2	3.665	1
128.495	85.663	stimOnset	003	5	5	attentionOnStimulus	2	3.665	1
128.745	85.830	maskOnset	003	5	5	attentionOnStimulus	2	3.665	1
128.995	85.997	stimOnset	003	5	5	attentionOnStimulus	2	3.665	1
129.245	86.163	maskOnset	003	5	5	attentionOnStimulus	2	3.665	1
129.495	86.330	stimOnset	003	5	5	attentionOnStimulus	2	3.665	1
129.745	86.497	maskOnset	003	5	5	attentionOnStimulus	2	3.665	1
129.995	86.663	stimOnset	003	5	5	attentionOnStimulus	2	3.665	1
130.245	86.830	maskOnset	003	5	5	attentionOnStimulus	2	3.665	1
130.495	86.997	stimOnset	003	5	5	attentionOnStimulus	2	3.665	1
130.695	87.130	fixCatch	003	5	5	attentionOnStimulus	2	3.665	1
130.696	87.131	fixCatchNextStimulus	003	5	5	attentionOnStimulus	2	3.665	1
130.745	87.163	maskOnset	003	5	5	attentionOnStimulus	2	3.665	1
130.762	87.175	fixCatch	003	5	5	attentionOnStimulus	2	3.665	1
130.995	87.330	stimOnset	003	5	5	attentionOnStimulus	2	3.665	1
131.245	87.497	maskOnset	003	5	5	attentionOnStimulus	2	3.665	1
131.495	87.663	stimOnset	003	5	5	attentionOnStimulus	2	3.665	1
131.745	87.830	maskOnset	003	5	5	attentionOnStimulus	2	3.665	1
131.995	87.997	stimOnset	003	5	5	attentionOnStimulus	2	3.665	1
132.245	88.163	maskOnset	003	5	5	attentionOnStimulus	2	3.665	1
132.495	88.330	stimOnset	003	5	5	attentionOnStimulus	2	3.665	1
132.745	88.497	maskOnset	003	5	5	attentionOnStimulus	2	3.665	1
132.995	88.663	stimOnset	003	5	5	attentionOnStimulus	2	3.665	1
133.245	88.830	maskOnset	003	5	5	attentionOnStimulus	2	3.665	1
133.495	88.997	stimOnset	003	5	5	attentionOnStimulus	2	3.665	1
133.745	89.163	maskOnset	003	5	5	attentionOnStimulus	2	3.665	1
133.995	89.330	stimOnset	003	5	5	attentionOnStimulus	2	3.665	1
134.245	89.497	maskOnset	003	5	5	attentionOnStimulus	2	3.665	1
134.495	89.663	stimOnset	003	5	5	attentionOnStimulus	2	3.665	1
134.745	89.830	maskOnset	003	5	5	attentionOnStimulus	2	3.665	1
134.995	89.997	stimOnset	003	5	5	attentionOnStimulus	2	3.665	1
135.245	90.163	maskOnset	003	5	5	attentionOnStimulus	2	3.665	1
135.495	90.330	breakOnset	003	5	5	attentionOnStimulus	2	3.665	1
135.498	90.332	buttonpress	003	5	5	attentionOnStimulus	2	3.665	1
146.995	97.996	stimOnset	003	5	6	attentionOnStimulus	2	0.524	1
147.244	98.163	maskOnset	003	5	6	attentionOnStimulus	2	0.524	1
147.494	98.330	stimOnset	003	5	6	attentionOnStimulus	2	0.524	1
147.744	98.496	maskOnset	003	5	6	attentionOnStimulus	2	0.524	1
147.994	98.663	stimOnset	003	5	6	attentionOnStimulus	2	0.524	1
148.244	98.830	maskOnset	003	5	6	attentionOnStimulus	2	0.524	1
148.494	98.996	stimOnset	003	5	6	attentionOnStimulus	2	0.524	1
148.744	99.163	maskOnset	003	5	6	attentionOnStimulus	2	0.524	1
148.994	99.330	stimOnset	003	5	6	attentionOnStimulus	2	0.524	1
149.244	99.496	maskOnset	003	5	6	attentionOnStimulus	2	0.524	1
149.494	99.663	stimOnset	003	5	6	attentionOnStimulus	2	0.524	1
149.744	99.830	maskOnset	003	5	6	attentionOnStimulus	2	0.524	1
149.994	99.996	stimOnset	003	5	6	attentionOnStimulus	2	0.524	1
150.028	100.018	fixCatch	003	5	6	attentionOnStimulus	2	0.524	1
150.244	100.163	maskOnset	003	5	6	attentionOnStimulus	2	0.524	1
150.494	100.330	stimOnset	003	5	6	attentionOnStimulus	2	0.524	1
150.744	100.496	maskOnset	003	5	6	attentionOnStimulus	2	0.524	1
150.994	100.663	stimOnset	003	5	6	attentionOnStimulus	2	0.524	1
151.244	100.830	maskOnset	003	5	6	attentionOnStimulus	2	0.524	1
151.494	100.996	stimOnset	003	5	6	attentionOnStimulus	2	0.524	1
151.744	101.163	maskOnset	003	5	6	attentionOnStimulus	2	0.524	1
151.994	101.330	stimOnset	003	5	6	attentionOnStimulus	2	0.524	1
152.244	101.496	maskOnset	003	5	6	attentionOnStimulus	2	0.524	1
152.494	101.663	stimOnset	003	5	6	attentionOnStimulus	2	0.524	1
152.711	101.807	fixCatch	003	5	6	attentionOnStimulus	2	0.524	1
152.712	101.808	fixCatchNextStimulus	003	5	6	attentionOnStimulus	2	0.524	1
152.744	101.830	maskOnset	003	5	6	attentionOnStimulus	2	0.524	1
152.761	101.841	fixCatch	003	5	6	attentionOnStimulus	2	0.524	1
152.994	101.996	stimOnset	003	5	6	attentionOnStimulus	2	0.524	1
153.244	102.163	maskOnset	003	5	6	attentionOnStimulus	2	0.524	1
153.494	102.330	stimOnset	003	5	6	attentionOnStimulus	2	0.524	1
153.744	102.496	maskOnset	003	5	6	attentionOnStimulus	2	0.524	1
153.994	102.663	stimOnset	003	5	6	attentionOnStimulus	2	0.524	1
154.244	102.829	maskOnset	003	5	6	attentionOnStimulus	2	0.524	1
154.494	102.996	stimOnset	003	5	6	attentionOnStimulus	2	0.524	1
154.744	103.163	maskOnset	003	5	6	attentionOnStimulus	2	0.524	1
154.994	103.329	stimOnset	003	5	6	attentionOnStimulus	2	0.524	1
155.244	103.496	maskOnset	003	5	6	attentionOnStimulus	2	0.524	1
155.494	103.663	stimOnset	003	5	6	attentionOnStimulus	2	0.524	1
155.744	103.829	maskOnset	003	5	6	attentionOnStimulus	2	0.524	1
155.994	103.996	stimOnset	003	5	6	attentionOnStimulus	2	0.524	1
156.244	104.163	maskOnset	003	5	6	attentionOnStimulus	2	0.524	1
156.494	104.329	stimOnset	003	5	6	attentionOnStimulus	2	0.524	1
156.744	104.496	maskOnset	003	5	6	attentionOnStimulus	2	0.524	1
156.994	104.663	stimOnset	003	5	6	attentionOnStimulus	2	0.524	1
157.244	104.829	maskOnset	003	5	6	attentionOnStimulus	2	0.524	1
157.494	104.996	stimOnset	003	5	6	attentionOnStimulus	2	0.524	1
157.744	105.163	maskOnset	003	5	6	attentionOnStimulus	2	0.524	1
157.994	105.329	stimOnset	003	5	6	attentionOnStimulus	2	0.524	1
158.244	105.496	maskOnset	003	5	6	attentionOnStimulus	2	0.524	1
158.494	105.663	stimOnset	003	5	6	attentionOnStimulus	2	0.524	1
158.744	105.829	maskOnset	003	5	6	attentionOnStimulus	2	0.524	1
158.994	105.996	stimOnset	003	5	6	attentionOnStimulus	2	0.524	1
159.244	106.163	maskOnset	003	5	6	attentionOnStimulus	2	0.524	1
159.494	106.329	stimOnset	003	5	6	attentionOnStimulus	2	0.524	1
159.744	106.496	maskOnset	003	5	6	attentionOnStimulus	2	0.524	1
159.994	106.663	stimOnset	003	5	6	attentionOnStimulus	2	0.524	1
160.244	106.829	maskOnset	003	5	6	attentionOnStimulus	2	0.524	1
160.294	106.863	fixCatch	003	5	6	attentionOnStimulus	2	0.524	1
160.494	106.996	stimOnset	003	5	6	attentionOnStimulus	2	0.524	1
160.744	107.163	maskOnset	003	5	6	attentionOnStimulus	2	0.524	1
160.994	107.329	stimOnset	003	5	6	attentionOnStimulus	2	0.524	1
161.244	107.496	maskOnset	003	5	6	attentionOnStimulus	2	0.524	1
161.494	107.663	stimOnset	003	5	6	attentionOnStimulus	2	0.524	1
161.744	107.829	maskOnset	003	5	6	attentionOnStimulus	2	0.524	1
161.994	107.996	stimOnset	003	5	6	attentionOnStimulus	2	0.524	1
162.244	108.163	maskOnset	003	5	6	attentionOnStimulus	2	0.524	1
162.494	108.329	stimOnset	003	5	6	attentionOnStimulus	2	0.524	1
162.744	108.496	maskOnset	003	5	6	attentionOnStimulus	2	0.524	1
162.994	108.663	stimOnset	003	5	6	attentionOnStimulus	2	0.524	1
163.244	108.829	maskOnset	003	5	6	attentionOnStimulus	2	0.524	1
163.494	108.996	stimOnset	003	5	6	attentionOnStimulus	2	0.524	1
163.744	109.163	maskOnset	003	5	6	attentionOnStimulus	2	0.524	1
163.994	109.329	breakOnset	003	5	6	attentionOnStimulus	2	0.524	1
175.493	116.996	stimOnset	003	5	7	attentionOnStimulus	6	3.142	1
175.577	117.051	maskOnset	003	5	7	attentionOnStimulus	6	3.142	1
175.660	117.107	stimOnset	003	5	7	attentionOnStimulus	6	3.142	1
175.743	117.162	maskCatch	003	5	7	attentionOnStimulus	6	3.142	1
175.827	117.218	stimCatch	003	5	7	attentionOnStimulus	6	3.142	1
175.910	117.273	maskCatch	003	5	7	attentionOnStimulus	6	3.142	1
175.993	117.329	stimCatch	003	5	7	attentionOnStimulus	6	3.142	1
176.077	117.385	maskCatch	003	5	7	attentionOnStimulus	6	3.142	1
176.160	117.440	stimCatch	003	5	7	attentionOnStimulus	6	3.142	1
176.243	117.496	maskCatch	003	5	7	attentionOnStimulus	6	3.142	1
176.327	117.551	stimCatch	003	5	7	attentionOnStimulus	6	3.142	1
176.410	117.607	maskCatch	003	5	7	attentionOnStimulus	6	3.142	1
176.493	117.662	stimCatch	003	5	7	attentionOnStimulus	6	3.142	1
176.577	117.718	maskCatch	003	5	7	attentionOnStimulus	6	3.142	1
176.660	117.773	stimCatch	003	5	7	attentionOnStimulus	6	3.142	1
176.743	117.829	maskOnset	003	5	7	attentionOnStimulus	6	3.142	1
176.827	117.884	stimOnset	003	5	7	attentionOnStimulus	6	3.142	1
176.910	117.940	maskOnset	003	5	7	attentionOnStimulus	6	3.142	1
176.993	117.996	stimOnset	003	5	7	attentionOnStimulus	6	3.142	1
177.077	118.051	maskOnset	003	5	7	attentionOnStimulus	6	3.142	1
177.160	118.107	stimOnset	003	5	7	attentionOnStimulus	6	3.142	1
177.243	118.162	maskOnset	003	5	7	attentionOnStimulus	6	3.142	1
177.327	118.218	stimOnset	003	5	7	attentionOnStimulus	6	3.142	1
177.410	118.273	maskOnset	003	5	7	attentionOnStimulus	6	3.142	1
177.493	118.329	stimOnset	003	5	7	attentionOnStimulus	6	3.142	1
177.577	118.384	maskOnset	003	5	7	attentionOnStimulus	6	3.142	1
177.660	118.440	stimOnset	003	5	7	attentionOnStimulus	6	3.142	1
177.743	118.496	maskOnset	003	5	7	attentionOnStimulus	6	3.142	1
177.827	118.551	stimOnset	003	5	7	attentionOnStimulus	6	3.142	1
177.910	118.607	maskOnset	003	5	7	attentionOnStimulus	6	3.142	1
177.993	118.662	stimOnset	003	5	7	attentionOnStimulus	6	3.142	1
178.077	118.718	maskOnset	003	5	7	attentionOnStimulus	6	3.142	1
178.160	118.773	stimOnset	003	5	7	attentionOnStimulus	6	3.142	1
178.243	118.829	maskOnset	003	5	7	attentionOnStimulus	6	3.142	1
178.327	118.884	stimOnset	003	5	7	attentionOnStimulus	6	3.142	1
178.410	118.940	maskOnset	003	5	7	attentionOnStimulus	6	3.142	1
178.493	118.996	stimOnset	003	5	7	attentionOnStimulus	6	3.142	1
178.577	119.051	maskOnset	003	5	7	attentionOnStimulus	6	3.142	1
178.660	119.107	stimOnset	003	5	7	attentionOnStimulus	6	3.142	1
178.743	119.162	maskCatch	003	5	7	attentionOnStimulus	6	3.142	1
178.827	119.218	stimCatch	003	5	7	attentionOnStimulus	6	3.142	1
178.910	119.273	maskCatch	003	5	7	attentionOnStimulus	6	3.142	1
178.993	119.329	stimCatch	003	5	7	attentionOnStimulus	6	3.142	1
179.077	119.384	maskCatch	003	5	7	attentionOnStimulus	6	3.142	1
179.160	119.440	stimCatch	003	5	7	attentionOnStimulus	6	3.142	1
179.243	119.496	maskCatch	003	5	7	attentionOnStimulus	6	3.142	1
179.327	119.551	stimCatch	003	5	7	attentionOnStimulus	6	3.142	1
179.410	119.607	maskCatch	003	5	7	attentionOnStimulus	6	3.142	1
179.493	119.662	stimCatch	003	5	7	attentionOnStimulus	6	3.142	1
179.577	119.718	maskCatch	003	5	7	attentionOnStimulus	6	3.142	1
179.660	119.773	stimCatch	003	5	7	attentionOnStimulus	6	3.142	1
179.743	119.829	maskOnset	003	5	7	attentionOnStimulus	6	3.142	1
179.827	119.884	stimOnset	003	5	7	attentionOnStimulus	6	3.142	1
179.910	119.940	maskOnset	003	5	7	attentionOnStimulus	6	3.142	1
179.993	119.996	stimOnset	003	5	7	attentionOnStimulus	6	3.142	1
180.077	120.051	maskOnset	003	5	7	attentionOnStimulus	6	3.142	1
180.160	120.107	stimOnset	003	5	7	attentionOnStimulus	6	3.142	1
180.243	120.162	maskOnset	003	5	7	attentionOnStimulus	6	3.142	1
180.327	120.218	stimOnset	003	5	7	attentionOnStimulus	6	3.142	1
180.410	120.273	maskOnset	003	5	7	attentionOnStimulus	6	3.142	1
180.493	120.329	stimOnset	003	5	7	attentionOnStimulus	6	3.142	1
180.577	120.384	maskOnset	003	5	7	attentionOnStimulus	6	3.142	1
180.660	120.440	stimOnset	003	5	7	attentionOnStimulus	6	3.142	1
180.743	120.496	maskOnset	003	5	7	attentionOnStimulus	6	3.142	1
180.827	120.551	stimOnset	003	5	7	attentionOnStimulus	6	3.142	1
180.910	120.607	maskCatch	003	5	7	attentionOnStimulus	6	3.142	1
180.993	120.662	stimCatch	003	5	7	attentionOnStimulus	6	3.142	1
181.077	120.718	maskCatch	003	5	7	attentionOnStimulus	6	3.142	1
181.160	120.773	stimCatch	003	5	7	attentionOnStimulus	6	3.142	1
181.243	120.829	maskCatch	003	5	7	attentionOnStimulus	6	3.142	1
181.327	120.884	stimCatch	003	5	7	attentionOnStimulus	6	3.142	1
181.410	120.940	maskCatch	003	5	7	attentionOnStimulus	6	3.142	1
181.493	120.995	stimCatch	003	5	7	attentionOnStimulus	6	3.142	1
181.577	121.051	maskCatch	003	5	7	attentionOnStimulus	6	3.142	1
181.660	121.107	stimCatch	003	5	7	attentionOnStimulus	6	3.142	1
181.743	121.162	maskCatch	003	5	7	attentionOnStimulus	6	3.142	1
181.827	121.218	stimCatch	003	5	7	attentionOnStimulus	6	3.142	1
181.910	121.273	maskOnset	003	5	7	attentionOnStimulus	6	3.142	1
181.993	121.329	stimOnset	003	5	7	attentionOnStimulus	6	3.142	1
182.077	121.384	maskOnset	003	5	7	attentionOnStimulus	6	3.142	1
182.160	121.440	stimOnset	003	5	7	attentionOnStimulus	6	3.142	1
182.243	121.495	maskOnset	003	5	7	attentionOnStimulus	6	3.142	1
182.327	121.551	stimOnset	003	5	7	attentionOnStimulus	6	3.142	1
182.410	121.607	maskOnset	003	5	7	attentionOnStimulus	6	3.142	1
182.493	121.662	stimOnset	003	5	7	attentionOnStimulus	6	3.142	1
182.577	121.718	maskOnset	003	5	7	attentionOnStimulus	6	3.142	1
182.660	121.773	stimOnset	003	5	7	attentionOnStimulus	6	3.142	1
182.743	121.829	maskOnset	003	5	7	attentionOnStimulus	6	3.142	1
182.827	121.884	stimOnset	003	5	7	attentionOnStimulus	6	3.142	1
182.910	121.940	maskOnset	003	5	7	attentionOnStimulus	6	3.142	1
182.993	121.995	stimOnset	003	5	7	attentionOnStimulus	6	3.142	1
183.077	122.051	maskOnset	003	5	7	attentionOnStimulus	6	3.142	1
183.160	122.107	stimOnset	003	5	7	attentionOnStimulus	6	3.142	1
183.243	122.162	maskOnset	003	5	7	attentionOnStimulus	6	3.142	1
183.326	122.218	stimOnset	003	5	7	attentionOnStimulus	6	3.142	1
183.410	122.273	maskOnset	003	5	7	attentionOnStimulus	6	3.142	1
183.493	122.329	stimOnset	003	5	7	attentionOnStimulus	6	3.142	1
183.576	122.384	maskOnset	003	5	7	attentionOnStimulus	6	3.142	1
183.660	122.440	stimOnset	003	5	7	attentionOnStimulus	6	3.142	1
183.743	122.495	maskOnset	003	5	7	attentionOnStimulus	6	3.142	1
183.826	122.551	stimOnset	003	5	7	attentionOnStimulus	6	3.142	1
183.910	122.607	maskOnset	003	5	7	attentionOnStimulus	6	3.142	1
183.993	122.662	stimOnset	003	5	7	attentionOnStimulus	6	3.142	1
184.076	122.718	maskOnset	003	5	7	attentionOnStimulus	6	3.142	1
184.160	122.773	stimOnset	003	5	7	attentionOnStimulus	6	3.142	1
184.243	122.829	maskOnset	003	5	7	attentionOnStimulus	6	3.142	1
184.326	122.884	stimOnset	003	5	7	attentionOnStimulus	6	3.142	1
184.410	122.940	maskOnset	003	5	7	attentionOnStimulus	6	3.142	1
184.493	122.995	stimOnset	003	5	7	attentionOnStimulus	6	3.142	1
184.576	123.051	maskOnset	003	5	7	attentionOnStimulus	6	3.142	1
184.660	123.107	stimOnset	003	5	7	attentionOnStimulus	6	3.142	1
184.743	123.162	maskOnset	003	5	7	attentionOnStimulus	6	3.142	1
184.826	123.218	stimOnset	003	5	7	attentionOnStimulus	6	3.142	1
184.910	123.273	maskOnset	003	5	7	attentionOnStimulus	6	3.142	1
184.993	123.329	stimOnset	003	5	7	attentionOnStimulus	6	3.142	1
185.076	123.384	maskOnset	003	5	7	attentionOnStimulus	6	3.142	1
185.160	123.440	stimOnset	003	5	7	attentionOnStimulus	6	3.142	1
185.243	123.495	maskOnset	003	5	7	attentionOnStimulus	6	3.142	1
185.326	123.551	stimOnset	003	5	7	attentionOnStimulus	6	3.142	1
185.410	123.607	maskOnset	003	5	7	attentionOnStimulus	6	3.142	1
185.493	123.662	stimOnset	003	5	7	attentionOnStimulus	6	3.142	1
185.576	123.718	maskOnset	003	5	7	attentionOnStimulus	6	3.142	1
185.660	123.773	stimOnset	003	5	7	attentionOnStimulus	6	3.142	1
185.743	123.829	maskOnset	003	5	7	attentionOnStimulus	6	3.142	1
185.826	123.884	stimOnset	003	5	7	attentionOnStimulus	6	3.142	1
185.910	123.940	maskOnset	003	5	7	attentionOnStimulus	6	3.142	1
185.993	123.995	stimOnset	003	5	7	attentionOnStimulus	6	3.142	1
186.076	124.051	maskOnset	003	5	7	attentionOnStimulus	6	3.142	1
186.160	124.106	stimOnset	003	5	7	attentionOnStimulus	6	3.142	1
186.243	124.162	maskOnset	003	5	7	attentionOnStimulus	6	3.142	1
186.326	124.218	stimOnset	003	5	7	attentionOnStimulus	6	3.142	1
186.410	124.273	maskOnset	003	5	7	attentionOnStimulus	6	3.142	1
186.493	124.329	stimOnset	003	5	7	attentionOnStimulus	6	3.142	1
186.576	124.384	maskOnset	003	5	7	attentionOnStimulus	6	3.142	1
186.660	124.440	stimOnset	003	5	7	attentionOnStimulus	6	3.142	1
186.743	124.495	maskOnset	003	5	7	attentionOnStimulus	6	3.142	1
186.826	124.551	stimOnset	003	5	7	attentionOnStimulus	6	3.142	1
186.910	124.606	maskOnset	003	5	7	attentionOnStimulus	6	3.142	1
186.993	124.662	stimOnset	003	5	7	attentionOnStimulus	6	3.142	1
187.076	124.718	maskOnset	003	5	7	attentionOnStimulus	6	3.142	1
187.160	124.773	stimOnset	003	5	7	attentionOnStimulus	6	3.142	1
187.243	124.829	maskOnset	003	5	7	attentionOnStimulus	6	3.142	1
187.326	124.884	stimOnset	003	5	7	attentionOnStimulus	6	3.142	1
187.410	124.940	maskOnset	003	5	7	attentionOnStimulus	6	3.142	1
187.493	124.995	stimOnset	003	5	7	attentionOnStimulus	6	3.142	1
187.576	125.051	maskOnset	003	5	7	attentionOnStimulus	6	3.142	1
187.660	125.106	stimOnset	003	5	7	attentionOnStimulus	6	3.142	1
187.743	125.162	maskOnset	003	5	7	attentionOnStimulus	6	3.142	1
187.826	125.218	stimOnset	003	5	7	attentionOnStimulus	6	3.142	1
187.910	125.273	maskOnset	003	5	7	attentionOnStimulus	6	3.142	1
187.993	125.329	stimOnset	003	5	7	attentionOnStimulus	6	3.142	1
188.076	125.384	maskOnset	003	5	7	attentionOnStimulus	6	3.142	1
188.160	125.440	stimOnset	003	5	7	attentionOnStimulus	6	3.142	1
188.243	125.495	maskOnset	003	5	7	attentionOnStimulus	6	3.142	1
188.326	125.551	stimOnset	003	5	7	attentionOnStimulus	6	3.142	1
188.410	125.606	maskOnset	003	5	7	attentionOnStimulus	6	3.142	1
188.493	125.662	stimOnset	003	5	7	attentionOnStimulus	6	3.142	1
188.576	125.718	maskOnset	003	5	7	attentionOnStimulus	6	3.142	1
188.660	125.773	stimOnset	003	5	7	attentionOnStimulus	6	3.142	1
188.743	125.829	maskOnset	003	5	7	attentionOnStimulus	6	3.142	1
188.826	125.884	stimOnset	003	5	7	attentionOnStimulus	6	3.142	1
188.910	125.940	maskOnset	003	5	7	attentionOnStimulus	6	3.142	1
188.911	125.940	fixCatchNextStimulus	003	5	7	attentionOnStimulus	6	3.142	1
188.912	125.941	fixCatchNextStimulus	003	5	7	attentionOnStimulus	6	3.142	1
188.993	125.995	stimOnset	003	5	7	attentionOnStimulus	6	3.142	1
189.010	126.006	fixCatch	003	5	7	attentionOnStimulus	6	3.142	1
189.011	126.007	fixCatchNextStimulus	003	5	7	attentionOnStimulus	6	3.142	1
189.076	126.051	maskOnset	003	5	7	attentionOnStimulus	6	3.142	1
189.093	126.062	fixCatch	003	5	7	attentionOnStimulus	6	3.142	1
189.160	126.106	stimOnset	003	5	7	attentionOnStimulus	6	3.142	1
189.243	126.162	maskOnset	003	5	7	attentionOnStimulus	6	3.142	1
189.326	126.218	stimOnset	003	5	7	attentionOnStimulus	6	3.142	1
189.410	126.273	maskOnset	003	5	7	attentionOnStimulus	6	3.142	1
189.493	126.329	stimOnset	003	5	7	attentionOnStimulus	6	3.142	1
189.576	126.384	maskOnset	003	5	7	attentionOnStimulus	6	3.142	1
189.660	126.440	stimOnset	003	5	7	attentionOnStimulus	6	3.142	1
189.743	126.495	maskOnset	003	5	7	attentionOnStimulus	6	3.142	1
189.826	126.551	stimOnset	003	5	7	attentionOnStimulus	6	3.142	1
189.910	126.607	maskOnset	003	5	7	attentionOnStimulus	6	3.142	1
189.993	126.662	stimOnset	003	5	7	attentionOnStimulus	6	3.142	1
190.076	126.718	maskOnset	003	5	7	attentionOnStimulus	6	3.142	1
190.160	126.773	stimOnset	003	5	7	attentionOnStimulus	6	3.142	1
190.243	126.829	maskOnset	003	5	7	attentionOnStimulus	6	3.142	1
190.326	126.884	stimOnset	003	5	7	attentionOnStimulus	6	3.142	1
190.410	126.940	maskOnset	003	5	7	attentionOnStimulus	6	3.142	1
190.493	126.995	stimOnset	003	5	7	attentionOnStimulus	6	3.142	1
190.576	127.051	maskOnset	003	5	7	attentionOnStimulus	6	3.142	1
190.660	127.106	stimOnset	003	5	7	attentionOnStimulus	6	3.142	1
190.743	127.162	maskOnset	003	5	7	attentionOnStimulus	6	3.142	1
190.826	127.218	stimOnset	003	5	7	attentionOnStimulus	6	3.142	1
190.910	127.273	maskOnset	003	5	7	attentionOnStimulus	6	3.142	1
190.993	127.329	stimOnset	003	5	7	attentionOnStimulus	6	3.142	1
191.076	127.384	maskOnset	003	5	7	attentionOnStimulus	6	3.142	1
191.160	127.440	stimOnset	003	5	7	attentionOnStimulus	6	3.142	1
191.243	127.495	maskOnset	003	5	7	attentionOnStimulus	6	3.142	1
191.326	127.551	stimOnset	003	5	7	attentionOnStimulus	6	3.142	1
191.410	127.606	maskOnset	003	5	7	attentionOnStimulus	6	3.142	1
191.493	127.662	stimOnset	003	5	7	attentionOnStimulus	6	3.142	1
191.576	127.717	maskOnset	003	5	7	attentionOnStimulus	6	3.142	1
191.660	127.773	stimOnset	003	5	7	attentionOnStimulus	6	3.142	1
191.743	127.829	maskOnset	003	5	7	attentionOnStimulus	6	3.142	1
191.826	127.884	stimOnset	003	5	7	attentionOnStimulus	6	3.142	1
191.910	127.940	maskOnset	003	5	7	attentionOnStimulus	6	3.142	1
191.993	127.995	breakOnset	003	5	7	attentionOnStimulus	6	3.142	1
191.996	127.998	buttonpress	003	5	7	attentionOnStimulus	6	3.142	1
203.992	135.995	stimOnset	003	5	8	attentionOnStimulus	2	2.094	2
204.242	136.162	maskOnset	003	5	8	attentionOnStimulus	2	2.094	2
204.492	136.328	stimOnset	003	5	8	attentionOnStimulus	2	2.094	2
204.742	136.495	maskOnset	003	5	8	attentionOnStimulus	2	2.094	2
204.992	136.662	stimOnset	003	5	8	attentionOnStimulus	2	2.094	2
205.242	136.828	maskOnset	003	5	8	attentionOnStimulus	2	2.094	2
205.492	136.995	stimOnset	003	5	8	attentionOnStimulus	2	2.094	2
205.742	137.162	maskCatch	003	5	8	attentionOnStimulus	2	2.094	2
205.992	137.328	stimCatch	003	5	8	attentionOnStimulus	2	2.094	2
206.242	137.495	maskCatch	003	5	8	attentionOnStimulus	2	2.094	2
206.492	137.662	stimCatch	003	5	8	attentionOnStimulus	2	2.094	2
206.742	137.828	maskOnset	003	5	8	attentionOnStimulus	2	2.094	2
206.992	137.995	stimOnset	003	5	8	attentionOnStimulus	2	2.094	2
207.242	138.162	maskOnset	003	5	8	attentionOnStimulus	2	2.094	2
207.492	138.328	stimOnset	003	5	8	attentionOnStimulus	2	2.094	2
207.742	138.495	maskOnset	003	5	8	attentionOnStimulus	2	2.094	2
207.992	138.661	stimOnset	003	5	8	attentionOnStimulus	2	2.094	2
208.259	138.839	maskOnset	003	5	8	attentionOnStimulus	2	2.094	2
208.492	138.995	stimOnset	003	5	8	attentionOnStimulus	2	2.094	2
208.742	139.161	maskOnset	003	5	8	attentionOnStimulus	2	2.094	2
208.992	139.328	stimOnset	003	5	8	attentionOnStimulus	2	2.094	2
209.242	139.495	maskOnset	003	5	8	attentionOnStimulus	2	2.094	2
209.492	139.661	stimOnset	003	5	8	attentionOnStimulus	2	2.094	2
209.742	139.828	maskOnset	003	5	8	attentionOnStimulus	2	2.094	2
209.992	139.995	stimOnset	003	5	8	attentionOnStimulus	2	2.094	2
210.242	140.161	maskOnset	003	5	8	attentionOnStimulus	2	2.094	2
210.492	140.328	stimOnset	003	5	8	attentionOnStimulus	2	2.094	2
210.742	140.495	maskOnset	003	5	8	attentionOnStimulus	2	2.094	2
210.992	140.661	stimOnset	003	5	8	attentionOnStimulus	2	2.094	2
211.242	140.828	maskOnset	003	5	8	attentionOnStimulus	2	2.094	2
211.492	140.995	stimOnset	003	5	8	attentionOnStimulus	2	2.094	2
211.742	141.161	maskOnset	003	5	8	attentionOnStimulus	2	2.094	2
211.992	141.328	stimOnset	003	5	8	attentionOnStimulus	2	2.094	2
212.242	141.495	maskOnset	003	5	8	attentionOnStimulus	2	2.094	2
212.492	141.661	stimOnset	003	5	8	attentionOnStimulus	2	2.094	2
212.742	141.828	maskOnset	003	5	8	attentionOnStimulus	2	2.094	2
212.992	141.995	stimOnset	003	5	8	attentionOnStimulus	2	2.094	2
213.242	142.161	maskOnset	003	5	8	attentionOnStimulus	2	2.094	2
213.492	142.328	stimOnset	003	5	8	attentionOnStimulus	2	2.094	2
213.742	142.495	maskOnset	003	5	8	attentionOnStimulus	2	2.094	2
213.992	142.661	stimOnset	003	5	8	attentionOnStimulus	2	2.094	2
214.242	142.828	maskOnset	003	5	8	attentionOnStimulus	2	2.094	2
214.492	142.995	stimOnset	003	5	8	attentionOnStimulus	2	2.094	2
214.742	143.161	maskOnset	003	5	8	attentionOnStimulus	2	2.094	2
214.992	143.328	stimOnset	003	5	8	attentionOnStimulus	2	2.094	2
215.242	143.495	maskOnset	003	5	8	attentionOnStimulus	2	2.094	2
215.492	143.661	stimOnset	003	5	8	attentionOnStimulus	2	2.094	2
215.742	143.828	maskOnset	003	5	8	attentionOnStimulus	2	2.094	2
215.992	143.995	stimOnset	003	5	8	attentionOnStimulus	2	2.094	2
216.242	144.161	maskCatch	003	5	8	attentionOnStimulus	2	2.094	2
216.492	144.328	stimCatch	003	5	8	attentionOnStimulus	2	2.094	2
216.759	144.506	maskCatch	003	5	8	attentionOnStimulus	2	2.094	2
217.009	144.672	stimCatch	003	5	8	attentionOnStimulus	2	2.094	2
217.259	144.839	maskOnset	003	5	8	attentionOnStimulus	2	2.094	2
217.392	144.928	fixCatch	003	5	8	attentionOnStimulus	2	2.094	2
217.393	144.929	fixCatchNextStimulus	003	5	8	attentionOnStimulus	2	2.094	2
217.509	145.006	stimOnset	003	5	8	attentionOnStimulus	2	2.094	2
217.759	145.172	maskOnset	003	5	8	attentionOnStimulus	2	2.094	2
218.009	145.339	stimOnset	003	5	8	attentionOnStimulus	2	2.094	2
218.259	145.506	maskOnset	003	5	8	attentionOnStimulus	2	2.094	2
218.509	145.672	stimOnset	003	5	8	attentionOnStimulus	2	2.094	2
218.759	145.839	maskOnset	003	5	8	attentionOnStimulus	2	2.094	2
219.008	146.006	stimOnset	003	5	8	attentionOnStimulus	2	2.094	2
219.258	146.172	maskOnset	003	5	8	attentionOnStimulus	2	2.094	2
219.508	146.339	stimOnset	003	5	8	attentionOnStimulus	2	2.094	2
219.758	146.506	maskOnset	003	5	8	attentionOnStimulus	2	2.094	2
220.008	146.672	stimOnset	003	5	8	attentionOnStimulus	2	2.094	2
220.258	146.839	maskOnset	003	5	8	attentionOnStimulus	2	2.094	2
220.508	147.006	stimOnset	003	5	8	attentionOnStimulus	2	2.094	2
220.758	147.172	maskOnset	003	5	8	attentionOnStimulus	2	2.094	2
221.008	147.339	breakOnset	003	5	8	attentionOnStimulus	2	2.094	2
221.012	147.341	buttonpress	003	5	8	attentionOnStimulus	2	2.094	2
221.019	147.346	buttonpress	003	5	8	attentionOnStimulus	2	2.094	2
232.508	155.005	stimOnset	003	5	9	attentionOnStimulus	5.000000e-01	5.760	2
233.508	155.672	maskOnset	003	5	9	attentionOnStimulus	5.000000e-01	5.760	2
234.508	156.339	stimOnset	003	5	9	attentionOnStimulus	5.000000e-01	5.760	2
235.508	157.005	maskOnset	003	5	9	attentionOnStimulus	5.000000e-01	5.760	2
236.508	157.672	stimOnset	003	5	9	attentionOnStimulus	5.000000e-01	5.760	2
237.508	158.339	maskOnset	003	5	9	attentionOnStimulus	5.000000e-01	5.760	2
238.074	158.716	fixCatch	003	5	9	attentionOnStimulus	5.000000e-01	5.760	2
238.508	159.005	stimOnset	003	5	9	attentionOnStimulus	5.000000e-01	5.760	2
239.508	159.672	maskOnset	003	5	9	attentionOnStimulus	5.000000e-01	5.760	2
240.508	160.338	stimOnset	003	5	9	attentionOnStimulus	5.000000e-01	5.760	2
241.508	161.005	maskOnset	003	5	9	attentionOnStimulus	5.000000e-01	5.760	2
242.508	161.672	stimOnset	003	5	9	attentionOnStimulus	5.000000e-01	5.760	2
243.508	162.338	maskOnset	003	5	9	attentionOnStimulus	5.000000e-01	5.760	2
244.508	163.005	stimCatch	003	5	9	attentionOnStimulus	5.000000e-01	5.760	2
244.658	163.105	fixCatch	003	5	9	attentionOnStimulus	5.000000e-01	5.760	2
245.508	163.672	maskOnset	003	5	9	attentionOnStimulus	5.000000e-01	5.760	2
246.507	164.338	stimOnset	003	5	9	attentionOnStimulus	5.000000e-01	5.760	2
247.507	165.005	maskOnset	003	5	9	attentionOnStimulus	5.000000e-01	5.760	2
248.507	165.672	stimOnset	003	5	9	attentionOnStimulus	5.000000e-01	5.760	2
249.507	166.338	maskOnset	003	5	9	attentionOnStimulus	5.000000e-01	5.760	2
250.507	167.005	breakOnset	003	5	9	attentionOnStimulus	5.000000e-01	5.760	2
250.511	167.007	buttonpress	003	5	9	attentionOnStimulus	5.000000e-01	5.760	2
261.007	174.005	stimOnset	003	5	10	attentionOnStimulus	2	5.236	2
261.257	174.171	maskOnset	003	5	10	attentionOnStimulus	2	5.236	2
261.507	174.338	stimOnset	003	5	10	attentionOnStimulus	2	5.236	2
261.757	174.505	maskOnset	003	5	10	attentionOnStimulus	2	5.236	2
262.007	174.671	stimOnset	003	5	10	attentionOnStimulus	2	5.236	2
262.257	174.838	maskOnset	003	5	10	attentionOnStimulus	2	5.236	2
262.507	175.005	stimOnset	003	5	10	attentionOnStimulus	2	5.236	2
262.757	175.171	maskOnset	003	5	10	attentionOnStimulus	2	5.236	2
263.007	175.338	stimCatch	003	5	10	attentionOnStimulus	2	5.236	2
263.257	175.505	maskCatch	003	5	10	attentionOnStimulus	2	5.236	2
263.507	175.671	stimCatch	003	5	10	attentionOnStimulus	2	5.236	2
263.757	175.838	maskCatch	003	5	10	attentionOnStimulus	2	5.236	2
264.007	176.005	stimOnset	003	5	10	attentionOnStimulus	2	5.236	2
264.257	176.171	maskOnset	003	5	10	attentionOnStimulus	2	5.236	2
264.507	176.338	stimOnset	003	5	10	attentionOnStimulus	2	5.236	2
264.640	176.427	fixCatch	003	5	10	attentionOnStimulus	2	5.236	2
264.641	176.428	fixCatchNextStimulus	003	5	10	attentionOnStimulus	2	5.236	2
264.757	176.505	maskOnset	003	5	10	attentionOnStimulus	2	5.236	2
265.007	176.671	stimOnset	003	5	10	attentionOnStimulus	2	5.236	2
265.257	176.838	maskOnset	003	5	10	attentionOnStimulus	2	5.236	2
265.507	177.005	stimOnset	003	5	10	attentionOnStimulus	2	5.236	2
265.757	177.171	maskOnset	003	5	10	attentionOnStimulus	2	5.236	2
266.007	177.338	stimOnset	003	5	10	attentionOnStimulus	2	5.236	2
266.257	177.504	maskOnset	003	5	10	attentionOnStimulus	2	5.236	2
266.507	177.671	stimOnset	003	5	10	attentionOnStimulus	2	5.236	2
266.757	177.838	maskOnset	003	5	10	attentionOnStimulus	2	5.236	2
267.007	178.004	stimOnset	003	5	10	attentionOnStimulus	2	5.236	2
267.257	178.171	maskOnset	003	5	10	attentionOnStimulus	2	5.236	2
267.507	178.338	stimOnset	003	5	10	attentionOnStimulus	2	5.236	2
267.757	178.504	maskOnset	003	5	10	attentionOnStimulus	2	5.236	2
268.007	178.671	stimOnset	003	5	10	attentionOnStimulus	2	5.236	2
268.257	178.838	maskOnset	003	5	10	attentionOnStimulus	2	5.236	2
268.507	179.004	stimOnset	003	5	10	attentionOnStimulus	2	5.236	2
268.757	179.171	maskOnset	003	5	10	attentionOnStimulus	2	5.236	2
269.007	179.338	stimOnset	003	5	10	attentionOnStimulus	2	5.236	2
269.257	179.504	maskOnset	003	5	10	attentionOnStimulus	2	5.236	2
269.507	179.671	stimOnset	003	5	10	attentionOnStimulus	2	5.236	2
269.757	179.838	maskOnset	003	5	10	attentionOnStimulus	2	5.236	2
270.007	180.004	stimOnset	003	5	10	attentionOnStimulus	2	5.236	2
270.257	180.171	maskOnset	003	5	10	attentionOnStimulus	2	5.236	2
270.507	180.338	stimOnset	003	5	10	attentionOnStimulus	2	5.236	2
270.757	180.504	maskOnset	003	5	10	attentionOnStimulus	2	5.236	2
271.007	180.671	stimOnset	003	5	10	attentionOnStimulus	2	5.236	2
271.257	180.838	maskOnset	003	5	10	attentionOnStimulus	2	5.236	2
271.507	181.004	stimOnset	003	5	10	attentionOnStimulus	2	5.236	2
271.757	181.171	maskOnset	003	5	10	attentionOnStimulus	2	5.236	2
272.007	181.338	stimOnset	003	5	10	attentionOnStimulus	2	5.236	2
272.257	181.504	maskOnset	003	5	10	attentionOnStimulus	2	5.236	2
272.507	181.671	stimOnset	003	5	10	attentionOnStimulus	2	5.236	2
272.756	181.838	maskOnset	003	5	10	attentionOnStimulus	2	5.236	2
273.006	182.004	stimOnset	003	5	10	attentionOnStimulus	2	5.236	2
273.256	182.171	maskOnset	003	5	10	attentionOnStimulus	2	5.236	2
273.506	182.338	stimOnset	003	5	10	attentionOnStimulus	2	5.236	2
273.756	182.504	maskOnset	003	5	10	attentionOnStimulus	2	5.236	2
274.006	182.671	stimOnset	003	5	10	attentionOnStimulus	2	5.236	2
274.256	182.838	maskOnset	003	5	10	attentionOnStimulus	2	5.236	2
274.506	183.004	stimOnset	003	5	10	attentionOnStimulus	2	5.236	2
274.756	183.171	maskOnset	003	5	10	attentionOnStimulus	2	5.236	2
275.006	183.338	stimOnset	003	5	10	attentionOnStimulus	2	5.236	2
275.256	183.504	maskOnset	003	5	10	attentionOnStimulus	2	5.236	2
275.506	183.671	stimOnset	003	5	10	attentionOnStimulus	2	5.236	2
275.756	183.838	maskOnset	003	5	10	attentionOnStimulus	2	5.236	2
276.006	184.004	stimOnset	003	5	10	attentionOnStimulus	2	5.236	2
276.256	184.171	maskOnset	003	5	10	attentionOnStimulus	2	5.236	2
276.506	184.338	stimOnset	003	5	10	attentionOnStimulus	2	5.236	2
276.756	184.504	maskOnset	003	5	10	attentionOnStimulus	2	5.236	2
277.006	184.671	stimOnset	003	5	10	attentionOnStimulus	2	5.236	2
277.256	184.838	maskOnset	003	5	10	attentionOnStimulus	2	5.236	2
277.506	185.004	stimOnset	003	5	10	attentionOnStimulus	2	5.236	2
277.756	185.171	maskOnset	003	5	10	attentionOnStimulus	2	5.236	2
278.006	185.338	breakOnset	003	5	10	attentionOnStimulus	2	5.236	2
278.010	185.340	buttonpress	003	5	10	attentionOnStimulus	2	5.236	2
289.506	193.004	stimOnset	003	5	11	attentionOnStimulus	5.000000e-01	4.189	1
290.506	193.671	maskOnset	003	5	11	attentionOnStimulus	5.000000e-01	4.189	1
291.506	194.337	stimOnset	003	5	11	attentionOnStimulus	5.000000e-01	4.189	1
292.506	195.004	maskOnset	003	5	11	attentionOnStimulus	5.000000e-01	4.189	1
293.506	195.670	stimOnset	003	5	11	attentionOnStimulus	5.000000e-01	4.189	1
294.506	196.337	maskCatch	003	5	11	attentionOnStimulus	5.000000e-01	4.189	1
295.506	197.004	stimOnset	003	5	11	attentionOnStimulus	5.000000e-01	4.189	1
296.506	197.670	maskOnset	003	5	11	attentionOnStimulus	5.000000e-01	4.189	1
297.506	198.337	stimOnset	003	5	11	attentionOnStimulus	5.000000e-01	4.189	1
298.189	198.793	fixCatch	003	5	11	attentionOnStimulus	5.000000e-01	4.189	1
298.506	199.004	maskOnset	003	5	11	attentionOnStimulus	5.000000e-01	4.189	1
299.505	199.670	stimOnset	003	5	11	attentionOnStimulus	5.000000e-01	4.189	1
300.505	200.337	maskOnset	003	5	11	attentionOnStimulus	5.000000e-01	4.189	1
301.505	201.004	stimOnset	003	5	11	attentionOnStimulus	5.000000e-01	4.189	1
302.505	201.670	maskCatch	003	5	11	attentionOnStimulus	5.000000e-01	4.189	1
303.505	202.337	stimOnset	003	5	11	attentionOnStimulus	5.000000e-01	4.189	1
304.505	203.004	maskOnset	003	5	11	attentionOnStimulus	5.000000e-01	4.189	1
305.505	203.670	stimOnset	003	5	11	attentionOnStimulus	5.000000e-01	4.189	1
306.505	204.337	maskOnset	003	5	11	attentionOnStimulus	5.000000e-01	4.189	1
307.505	205.003	breakOnset	003	5	11	attentionOnStimulus	5.000000e-01	4.189	1
307.508	205.006	buttonpress	003	5	11	attentionOnStimulus	5.000000e-01	4.189	1
318.005	212.003	stimOnset	003	5	12	attentionOnStimulus	6	4.712	2
318.088	212.059	maskOnset	003	5	12	attentionOnStimulus	6	4.712	2
318.171	212.114	stimOnset	003	5	12	attentionOnStimulus	6	4.712	2
318.255	212.170	maskOnset	003	5	12	attentionOnStimulus	6	4.712	2
318.338	212.225	stimOnset	003	5	12	attentionOnStimulus	6	4.712	2
318.421	212.281	maskOnset	003	5	12	attentionOnStimulus	6	4.712	2
318.505	212.337	stimOnset	003	5	12	attentionOnStimulus	6	4.712	2
318.588	212.392	maskOnset	003	5	12	attentionOnStimulus	6	4.712	2
318.671	212.448	stimOnset	003	5	12	attentionOnStimulus	6	4.712	2
318.755	212.503	maskOnset	003	5	12	attentionOnStimulus	6	4.712	2
318.838	212.559	stimOnset	003	5	12	attentionOnStimulus	6	4.712	2
318.921	212.614	maskOnset	003	5	12	attentionOnStimulus	6	4.712	2
319.005	212.670	stimCatch	003	5	12	attentionOnStimulus	6	4.712	2
319.088	212.725	maskCatch	003	5	12	attentionOnStimulus	6	4.712	2
319.171	212.781	stimCatch	003	5	12	attentionOnStimulus	6	4.712	2
319.255	212.836	maskCatch	003	5	12	attentionOnStimulus	6	4.712	2
319.338	212.892	stimCatch	003	5	12	attentionOnStimulus	6	4.712	2
319.421	212.948	maskCatch	003	5	12	attentionOnStimulus	6	4.712	2
319.505	213.003	stimCatch	003	5	12	attentionOnStimulus	6	4.712	2
319.588	213.059	maskCatch	003	5	12	attentionOnStimulus	6	4.712	2
319.671	213.114	stimCatch	003	5	12	attentionOnStimulus	6	4.712	2
319.755	213.170	maskCatch	003	5	12	attentionOnStimulus	6	4.712	2
319.838	213.225	stimCatch	003	5	12	attentionOnStimulus	6	4.712	2
319.921	213.281	maskCatch	003	5	12	attentionOnStimulus	6	4.712	2
320.005	213.336	stimOnset	003	5	12	attentionOnStimulus	6	4.712	2
320.088	213.392	maskOnset	003	5	12	attentionOnStimulus	6	4.712	2
320.171	213.448	stimOnset	003	5	12	attentionOnStimulus	6	4.712	2
320.255	213.503	maskOnset	003	5	12	attentionOnStimulus	6	4.712	2
320.338	213.559	stimOnset	003	5	12	attentionOnStimulus	6	4.712	2
320.421	213.614	maskOnset	003	5	12	attentionOnStimulus	6	4.712	2
320.505	213.670	stimOnset	003	5	12	attentionOnStimulus	6	4.712	2
320.588	213.725	maskOnset	003	5	12	attentionOnStimulus	6	4.712	2
320.671	213.781	stimOnset	003	5	12	attentionOnStimulus	6	4.712	2
320.755	213.836	maskOnset	003	5	12	attentionOnStimulus	6	4.712	2
320.838	213.892	stimOnset	003	5	12	attentionOnStimulus	6	4.712	2
320.921	213.948	maskOnset	003	5	12	attentionOnStimulus	6	4.712	2
321.005	214.003	stimOnset	003	5	12	attentionOnStimulus	6	4.712	2
321.088	214.059	maskOnset	003	5	12	attentionOnStimulus	6	4.712	2
321.171	214.114	stimOnset	003	5	12	attentionOnStimulus	6	4.712	2
321.255	214.170	maskOnset	003	5	12	attentionOnStimulus	6	4.712	2
321.338	214.225	stimOnset	003	5	12	attentionOnStimulus	6	4.712	2
321.421	214.281	maskOnset	003	5	12	attentionOnStimulus	6	4.712	2
321.505	214.336	stimOnset	003	5	12	attentionOnStimulus	6	4.712	2
321.588	214.392	maskOnset	003	5	12	attentionOnStimulus	6	4.712	2
321.671	214.448	stimOnset	003	5	12	attentionOnStimulus	6	4.712	2
321.755	214.503	maskOnset	003	5	12	attentionOnStimulus	6	4.712	2
321.838	214.559	stimOnset	003	5	12	attentionOnStimulus	6	4.712	2
321.921	214.614	maskOnset	003	5	12	attentionOnStimulus	6	4.712	2
322.005	214.670	stimOnset	003	5	12	attentionOnStimulus	6	4.712	2
322.088	214.725	maskOnset	003	5	12	attentionOnStimulus	6	4.712	2
322.171	214.781	stimOnset	003	5	12	attentionOnStimulus	6	4.712	2
322.255	214.836	maskOnset	003	5	12	attentionOnStimulus	6	4.712	2
322.338	214.892	stimOnset	003	5	12	attentionOnStimulus	6	4.712	2
322.421	214.948	maskOnset	003	5	12	attentionOnStimulus	6	4.712	2
322.505	215.003	stimOnset	003	5	12	attentionOnStimulus	6	4.712	2
322.588	215.059	maskOnset	003	5	12	attentionOnStimulus	6	4.712	2
322.671	215.114	stimOnset	003	5	12	attentionOnStimulus	6	4.712	2
322.755	215.170	maskOnset	003	5	12	attentionOnStimulus	6	4.712	2
322.838	215.225	stimOnset	003	5	12	attentionOnStimulus	6	4.712	2
322.921	215.281	maskOnset	003	5	12	attentionOnStimulus	6	4.712	2
323.005	215.336	stimOnset	003	5	12	attentionOnStimulus	6	4.712	2
323.088	215.392	maskOnset	003	5	12	attentionOnStimulus	6	4.712	2
323.405	215.603	stimOnset	003	5	12	attentionOnStimulus	6	4.712	2
323.421	215.614	maskOnset	003	5	12	attentionOnStimulus	6	4.712	2
323.438	215.625	stimOnset	003	5	12	attentionOnStimulus	6	4.712	2
323.455	215.636	maskOnset	003	5	12	attentionOnStimulus	6	4.712	2
323.505	215.670	stimOnset	003	5	12	attentionOnStimulus	6	4.712	2
323.588	215.725	maskOnset	003	5	12	attentionOnStimulus	6	4.712	2
323.671	215.781	stimOnset	003	5	12	attentionOnStimulus	6	4.712	2
323.755	215.836	maskOnset	003	5	12	attentionOnStimulus	6	4.712	2
323.838	215.892	stimOnset	003	5	12	attentionOnStimulus	6	4.712	2
323.921	215.948	maskOnset	003	5	12	attentionOnStimulus	6	4.712	2
324.005	216.003	stimOnset	003	5	12	attentionOnStimulus	6	4.712	2
324.088	216.059	maskOnset	003	5	12	attentionOnStimulus	6	4.712	2
324.171	216.114	stimOnset	003	5	12	attentionOnStimulus	6	4.712	2
324.255	216.170	maskOnset	003	5	12	attentionOnStimulus	6	4.712	2
324.338	216.225	stimOnset	003	5	12	attentionOnStimulus	6	4.712	2
324.421	216.281	maskOnset	003	5	12	attentionOnStimulus	6	4.712	2
324.505	216.336	stimOnset	003	5	12	attentionOnStimulus	6	4.712	2
324.588	216.392	maskOnset	003	5	12	attentionOnStimulus	6	4.712	2
324.671	216.447	stimOnset	003	5	12	attentionOnStimulus	6	4.712	2
324.755	216.503	maskOnset	003	5	12	attentionOnStimulus	6	4.712	2
324.838	216.559	stimOnset	003	5	12	attentionOnStimulus	6	4.712	2
324.921	216.614	maskOnset	003	5	12	attentionOnStimulus	6	4.712	2
325.005	216.670	stimOnset	003	5	12	attentionOnStimulus	6	4.712	2
325.088	216.725	maskOnset	003	5	12	attentionOnStimulus	6	4.712	2
325.171	216.781	stimOnset	003	5	12	attentionOnStimulus	6	4.712	2
325.255	216.836	maskOnset	003	5	12	attentionOnStimulus	6	4.712	2
325.338	216.892	stimOnset	003	5	12	attentionOnStimulus	6	4.712	2
325.421	216.947	maskOnset	003	5	12	attentionOnStimulus	6	4.712	2
325.505	217.003	stimOnset	003	5	12	attentionOnStimulus	6	4.712	2
325.588	217.059	maskOnset	003	5	12	attentionOnStimulus	6	4.712	2
325.671	217.114	stimOnset	003	5	12	attentionOnStimulus	6	4.712	2
325.688	217.125	fixCatch	003	5	12	attentionOnStimulus	6	4.712	2
325.689	217.126	fixCatchNextStimulus	003	5	12	attentionOnStimulus	6	4.712	2
325.755	217.170	maskOnset	003	5	12	attentionOnStimulus	6	4.712	2
325.771	217.181	fixCatch	003	5	12	attentionOnStimulus	6	4.712	2
325.838	217.225	stimOnset	003	5	12	attentionOnStimulus	6	4.712	2
325.921	217.281	maskOnset	003	5	12	attentionOnStimulus	6	4.712	2
326.005	217.336	stimOnset	003	5	12	attentionOnStimulus	6	4.712	2
326.088	217.392	maskOnset	003	5	12	attentionOnStimulus	6	4.712	2
326.171	217.447	stimOnset	003	5	12	attentionOnStimulus	6	4.712	2
326.254	217.503	maskOnset	003	5	12	attentionOnStimulus	6	4.712	2
326.338	217.559	stimOnset	003	5	12	attentionOnStimulus	6	4.712	2
326.421	217.614	maskOnset	003	5	12	attentionOnStimulus	6	4.712	2
326.504	217.670	stimOnset	003	5	12	attentionOnStimulus	6	4.712	2
326.588	217.725	maskOnset	003	5	12	attentionOnStimulus	6	4.712	2
326.671	217.781	stimOnset	003	5	12	attentionOnStimulus	6	4.712	2
326.754	217.836	maskOnset	003	5	12	attentionOnStimulus	6	4.712	2
326.838	217.892	stimOnset	003	5	12	attentionOnStimulus	6	4.712	2
326.921	217.947	maskOnset	003	5	12	attentionOnStimulus	6	4.712	2
327.004	218.003	stimOnset	003	5	12	attentionOnStimulus	6	4.712	2
327.088	218.059	maskOnset	003	5	12	attentionOnStimulus	6	4.712	2
327.171	218.114	stimOnset	003	5	12	attentionOnStimulus	6	4.712	2
327.254	218.170	maskOnset	003	5	12	attentionOnStimulus	6	4.712	2
327.338	218.225	stimOnset	003	5	12	attentionOnStimulus	6	4.712	2
327.421	218.281	maskOnset	003	5	12	attentionOnStimulus	6	4.712	2
327.504	218.336	stimOnset	003	5	12	attentionOnStimulus	6	4.712	2
327.588	218.392	maskOnset	003	5	12	attentionOnStimulus	6	4.712	2
327.671	218.447	stimOnset	003	5	12	attentionOnStimulus	6	4.712	2
327.754	218.503	maskOnset	003	5	12	attentionOnStimulus	6	4.712	2
327.838	218.559	stimOnset	003	5	12	attentionOnStimulus	6	4.712	2
327.921	218.614	maskOnset	003	5	12	attentionOnStimulus	6	4.712	2
328.004	218.670	stimOnset	003	5	12	attentionOnStimulus	6	4.712	2
328.088	218.725	maskOnset	003	5	12	attentionOnStimulus	6	4.712	2
328.171	218.781	stimOnset	003	5	12	attentionOnStimulus	6	4.712	2
328.254	218.836	maskOnset	003	5	12	attentionOnStimulus	6	4.712	2
328.338	218.892	stimOnset	003	5	12	attentionOnStimulus	6	4.712	2
328.421	218.947	maskOnset	003	5	12	attentionOnStimulus	6	4.712	2
328.504	219.003	stimOnset	003	5	12	attentionOnStimulus	6	4.712	2
328.588	219.058	maskOnset	003	5	12	attentionOnStimulus	6	4.712	2
328.671	219.114	stimOnset	003	5	12	attentionOnStimulus	6	4.712	2
328.754	219.170	maskOnset	003	5	12	attentionOnStimulus	6	4.712	2
328.838	219.225	stimOnset	003	5	12	attentionOnStimulus	6	4.712	2
328.921	219.281	maskOnset	003	5	12	attentionOnStimulus	6	4.712	2
329.004	219.336	stimOnset	003	5	12	attentionOnStimulus	6	4.712	2
329.088	219.392	maskOnset	003	5	12	attentionOnStimulus	6	4.712	2
329.171	219.447	stimOnset	003	5	12	attentionOnStimulus	6	4.712	2
329.254	219.503	maskOnset	003	5	12	attentionOnStimulus	6	4.712	2
329.338	219.558	stimOnset	003	5	12	attentionOnStimulus	6	4.712	2
329.421	219.614	maskOnset	003	5	12	attentionOnStimulus	6	4.712	2
329.504	219.670	stimOnset	003	5	12	attentionOnStimulus	6	4.712	2
329.588	219.725	maskOnset	003	5	12	attentionOnStimulus	6	4.712	2
329.671	219.781	stimOnset	003	5	12	attentionOnStimulus	6	4.712	2
329.754	219.836	maskOnset	003	5	12	attentionOnStimulus	6	4.712	2
329.838	219.892	stimOnset	003	5	12	attentionOnStimulus	6	4.712	2
329.921	219.947	maskOnset	003	5	12	attentionOnStimulus	6	4.712	2
330.004	220.003	stimOnset	003	5	12	attentionOnStimulus	6	4.712	2
330.088	220.058	maskOnset	003	5	12	attentionOnStimulus	6	4.712	2
330.171	220.114	stimOnset	003	5	12	attentionOnStimulus	6	4.712	2
330.254	220.170	maskOnset	003	5	12	attentionOnStimulus	6	4.712	2
330.338	220.225	stimOnset	003	5	12	attentionOnStimulus	6	4.712	2
330.421	220.281	maskOnset	003	5	12	attentionOnStimulus	6	4.712	2
330.504	220.336	stimCatch	003	5	12	attentionOnStimulus	6	4.712	2
330.588	220.392	maskCatch	003	5	12	attentionOnStimulus	6	4.712	2
330.671	220.447	stimCatch	003	5	12	attentionOnStimulus	6	4.712	2
330.754	220.503	maskCatch	003	5	12	attentionOnStimulus	6	4.712	2
330.838	220.558	stimCatch	003	5	12	attentionOnStimulus	6	4.712	2
330.921	220.614	maskCatch	003	5	12	attentionOnStimulus	6	4.712	2
331.004	220.670	stimCatch	003	5	12	attentionOnStimulus	6	4.712	2
331.088	220.725	maskCatch	003	5	12	attentionOnStimulus	6	4.712	2
331.171	220.781	stimCatch	003	5	12	attentionOnStimulus	6	4.712	2
331.254	220.836	maskCatch	003	5	12	attentionOnStimulus	6	4.712	2
331.338	220.892	stimCatch	003	5	12	attentionOnStimulus	6	4.712	2
331.421	220.947	maskCatch	003	5	12	attentionOnStimulus	6	4.712	2
331.504	221.003	stimOnset	003	5	12	attentionOnStimulus	6	4.712	2
331.588	221.058	maskOnset	003	5	12	attentionOnStimulus	6	4.712	2
331.671	221.114	stimOnset	003	5	12	attentionOnStimulus	6	4.712	2
331.754	221.170	maskOnset	003	5	12	attentionOnStimulus	6	4.712	2
331.838	221.225	stimOnset	003	5	12	attentionOnStimulus	6	4.712	2
331.921	221.281	maskOnset	003	5	12	attentionOnStimulus	6	4.712	2
332.004	221.336	stimOnset	003	5	12	attentionOnStimulus	6	4.712	2
332.088	221.392	maskOnset	003	5	12	attentionOnStimulus	6	4.712	2
332.171	221.447	stimOnset	003	5	12	attentionOnStimulus	6	4.712	2
332.254	221.503	maskOnset	003	5	12	attentionOnStimulus	6	4.712	2
332.338	221.558	stimOnset	003	5	12	attentionOnStimulus	6	4.712	2
332.421	221.614	maskOnset	003	5	12	attentionOnStimulus	6	4.712	2
332.504	221.670	stimOnset	003	5	12	attentionOnStimulus	6	4.712	2
332.588	221.725	maskOnset	003	5	12	attentionOnStimulus	6	4.712	2
332.671	221.781	stimOnset	003	5	12	attentionOnStimulus	6	4.712	2
332.754	221.836	maskOnset	003	5	12	attentionOnStimulus	6	4.712	2
332.838	221.892	stimOnset	003	5	12	attentionOnStimulus	6	4.712	2
332.921	221.947	maskOnset	003	5	12	attentionOnStimulus	6	4.712	2
333.004	222.003	stimOnset	003	5	12	attentionOnStimulus	6	4.712	2
333.088	222.058	maskOnset	003	5	12	attentionOnStimulus	6	4.712	2
333.171	222.114	stimOnset	003	5	12	attentionOnStimulus	6	4.712	2
333.254	222.169	maskOnset	003	5	12	attentionOnStimulus	6	4.712	2
333.338	222.225	stimOnset	003	5	12	attentionOnStimulus	6	4.712	2
333.421	222.281	maskOnset	003	5	12	attentionOnStimulus	6	4.712	2
333.504	222.336	stimOnset	003	5	12	attentionOnStimulus	6	4.712	2
333.588	222.392	maskOnset	003	5	12	attentionOnStimulus	6	4.712	2
333.671	222.447	stimOnset	003	5	12	attentionOnStimulus	6	4.712	2
333.754	222.503	maskOnset	003	5	12	attentionOnStimulus	6	4.712	2
333.838	222.558	stimOnset	003	5	12	attentionOnStimulus	6	4.712	2
333.921	222.614	maskOnset	003	5	12	attentionOnStimulus	6	4.712	2
334.004	222.669	stimOnset	003	5	12	attentionOnStimulus	6	4.712	2
334.088	222.725	maskOnset	003	5	12	attentionOnStimulus	6	4.712	2
334.171	222.781	stimOnset	003	5	12	attentionOnStimulus	6	4.712	2
334.254	222.836	maskOnset	003	5	12	attentionOnStimulus	6	4.712	2
334.338	222.892	stimOnset	003	5	12	attentionOnStimulus	6	4.712	2
334.421	222.947	maskOnset	003	5	12	attentionOnStimulus	6	4.712	2
334.504	223.003	stimOnset	003	5	12	attentionOnStimulus	6	4.712	2
334.588	223.058	maskOnset	003	5	12	attentionOnStimulus	6	4.712	2
334.671	223.114	breakOnset	003	5	12	attentionOnStimulus	6	4.712	2
334.674	223.116	buttonpress	003	5	12	attentionOnStimulus	6	4.712	2
334.681	223.121	buttonpress	003	5	12	attentionOnStimulus	6	4.712	2
