onset	onsetTR	message	subject	run	block	attention	condition	phase	stimulus	4.500	3.000	stimOnset	003	4	1	attentionOnFixation	6	1.571	2
4.583	3.055	maskOnset	003	4	1	attentionOnFixation	6	1.571	2
4.667	3.111	stimOnset	003	4	1	attentionOnFixation	6	1.571	2
4.750	3.167	maskCatch	003	4	1	attentionOnFixation	6	1.571	2
4.833	3.222	stimCatch	003	4	1	attentionOnFixation	6	1.571	2
4.917	3.278	maskCatch	003	4	1	attentionOnFixation	6	1.571	2
5.000	3.333	stimCatch	003	4	1	attentionOnFixation	6	1.571	2
5.083	3.389	maskCatch	003	4	1	attentionOnFixation	6	1.571	2
5.167	3.444	stimCatch	003	4	1	attentionOnFixation	6	1.571	2
5.250	3.500	maskCatch	003	4	1	attentionOnFixation	6	1.571	2
5.333	3.555	stimCatch	003	4	1	attentionOnFixation	6	1.571	2
5.417	3.611	maskCatch	003	4	1	attentionOnFixation	6	1.571	2
5.500	3.667	stimCatch	003	4	1	attentionOnFixation	6	1.571	2
5.583	3.722	maskCatch	003	4	1	attentionOnFixation	6	1.571	2
5.666	3.778	stimCatch	003	4	1	attentionOnFixation	6	1.571	2
5.750	3.833	maskOnset	003	4	1	attentionOnFixation	6	1.571	2
5.833	3.889	stimOnset	003	4	1	attentionOnFixation	6	1.571	2
5.916	3.944	maskOnset	003	4	1	attentionOnFixation	6	1.571	2
6.000	4.000	stimOnset	003	4	1	attentionOnFixation	6	1.571	2
6.083	4.055	maskOnset	003	4	1	attentionOnFixation	6	1.571	2
6.166	4.111	stimOnset	003	4	1	attentionOnFixation	6	1.571	2
6.250	4.167	maskOnset	003	4	1	attentionOnFixation	6	1.571	2
6.333	4.222	stimOnset	003	4	1	attentionOnFixation	6	1.571	2
6.416	4.278	maskOnset	003	4	1	attentionOnFixation	6	1.571	2
6.500	4.333	stimOnset	003	4	1	attentionOnFixation	6	1.571	2
6.583	4.389	maskOnset	003	4	1	attentionOnFixation	6	1.571	2
6.666	4.444	stimOnset	003	4	1	attentionOnFixation	6	1.571	2
6.750	4.500	maskOnset	003	4	1	attentionOnFixation	6	1.571	2
6.833	4.555	stimOnset	003	4	1	attentionOnFixation	6	1.571	2
6.916	4.611	maskOnset	003	4	1	attentionOnFixation	6	1.571	2
7.000	4.667	stimOnset	003	4	1	attentionOnFixation	6	1.571	2
7.083	4.722	maskOnset	003	4	1	attentionOnFixation	6	1.571	2
7.166	4.778	stimOnset	003	4	1	attentionOnFixation	6	1.571	2
7.250	4.833	maskOnset	003	4	1	attentionOnFixation	6	1.571	2
7.333	4.889	stimOnset	003	4	1	attentionOnFixation	6	1.571	2
7.416	4.944	maskOnset	003	4	1	attentionOnFixation	6	1.571	2
7.500	5.000	stimOnset	003	4	1	attentionOnFixation	6	1.571	2
7.583	5.055	maskOnset	003	4	1	attentionOnFixation	6	1.571	2
7.666	5.111	stimOnset	003	4	1	attentionOnFixation	6	1.571	2
7.750	5.167	maskOnset	003	4	1	attentionOnFixation	6	1.571	2
7.833	5.222	stimOnset	003	4	1	attentionOnFixation	6	1.571	2
7.916	5.278	maskOnset	003	4	1	attentionOnFixation	6	1.571	2
8.000	5.333	stimOnset	003	4	1	attentionOnFixation	6	1.571	2
8.083	5.389	maskOnset	003	4	1	attentionOnFixation	6	1.571	2
8.166	5.444	stimOnset	003	4	1	attentionOnFixation	6	1.571	2
8.250	5.500	maskOnset	003	4	1	attentionOnFixation	6	1.571	2
8.333	5.555	stimOnset	003	4	1	attentionOnFixation	6	1.571	2
8.416	5.611	maskOnset	003	4	1	attentionOnFixation	6	1.571	2
8.500	5.666	stimOnset	003	4	1	attentionOnFixation	6	1.571	2
8.583	5.722	maskOnset	003	4	1	attentionOnFixation	6	1.571	2
8.666	5.778	stimOnset	003	4	1	attentionOnFixation	6	1.571	2
8.750	5.833	maskOnset	003	4	1	attentionOnFixation	6	1.571	2
8.833	5.889	stimOnset	003	4	1	attentionOnFixation	6	1.571	2
8.916	5.944	maskOnset	003	4	1	attentionOnFixation	6	1.571	2
9.000	6.000	stimOnset	003	4	1	attentionOnFixation	6	1.571	2
9.083	6.055	maskOnset	003	4	1	attentionOnFixation	6	1.571	2
9.166	6.111	stimOnset	003	4	1	attentionOnFixation	6	1.571	2
9.250	6.166	maskOnset	003	4	1	attentionOnFixation	6	1.571	2
9.333	6.222	stimOnset	003	4	1	attentionOnFixation	6	1.571	2
9.416	6.278	maskOnset	003	4	1	attentionOnFixation	6	1.571	2
9.500	6.333	stimOnset	003	4	1	attentionOnFixation	6	1.571	2
9.583	6.389	maskOnset	003	4	1	attentionOnFixation	6	1.571	2
9.666	6.444	stimOnset	003	4	1	attentionOnFixation	6	1.571	2
9.750	6.500	maskOnset	003	4	1	attentionOnFixation	6	1.571	2
9.833	6.555	stimOnset	003	4	1	attentionOnFixation	6	1.571	2
9.916	6.611	maskOnset	003	4	1	attentionOnFixation	6	1.571	2
10.000	6.666	stimOnset	003	4	1	attentionOnFixation	6	1.571	2
10.083	6.722	maskOnset	003	4	1	attentionOnFixation	6	1.571	2
10.166	6.778	stimOnset	003	4	1	attentionOnFixation	6	1.571	2
10.250	6.833	maskOnset	003	4	1	attentionOnFixation	6	1.571	2
10.333	6.889	stimOnset	003	4	1	attentionOnFixation	6	1.571	2
10.416	6.944	maskOnset	003	4	1	attentionOnFixation	6	1.571	2
10.500	7.000	stimOnset	003	4	1	attentionOnFixation	6	1.571	2
10.583	7.055	maskOnset	003	4	1	attentionOnFixation	6	1.571	2
10.666	7.111	stimOnset	003	4	1	attentionOnFixation	6	1.571	2
10.750	7.166	maskOnset	003	4	1	attentionOnFixation	6	1.571	2
10.833	7.222	stimOnset	003	4	1	attentionOnFixation	6	1.571	2
10.916	7.278	maskOnset	003	4	1	attentionOnFixation	6	1.571	2
11.000	7.333	stimOnset	003	4	1	attentionOnFixation	6	1.571	2
11.083	7.389	maskOnset	003	4	1	attentionOnFixation	6	1.571	2
11.166	7.444	stimOnset	003	4	1	attentionOnFixation	6	1.571	2
11.250	7.500	maskOnset	003	4	1	attentionOnFixation	6	1.571	2
11.333	7.555	stimOnset	003	4	1	attentionOnFixation	6	1.571	2
11.416	7.611	maskOnset	003	4	1	attentionOnFixation	6	1.571	2
11.500	7.666	stimOnset	003	4	1	attentionOnFixation	6	1.571	2
11.583	7.722	maskOnset	003	4	1	attentionOnFixation	6	1.571	2
11.666	7.778	stimOnset	003	4	1	attentionOnFixation	6	1.571	2
11.750	7.833	maskOnset	003	4	1	attentionOnFixation	6	1.571	2
11.833	7.889	stimOnset	003	4	1	attentionOnFixation	6	1.571	2
11.916	7.944	maskOnset	003	4	1	attentionOnFixation	6	1.571	2
12.000	8.000	stimOnset	003	4	1	attentionOnFixation	6	1.571	2
12.083	8.055	maskOnset	003	4	1	attentionOnFixation	6	1.571	2
12.166	8.111	stimOnset	003	4	1	attentionOnFixation	6	1.571	2
12.250	8.166	maskOnset	003	4	1	attentionOnFixation	6	1.571	2
12.333	8.222	stimOnset	003	4	1	attentionOnFixation	6	1.571	2
12.416	8.277	maskOnset	003	4	1	attentionOnFixation	6	1.571	2
12.500	8.333	stimOnset	003	4	1	attentionOnFixation	6	1.571	2
12.583	8.389	maskOnset	003	4	1	attentionOnFixation	6	1.571	2
12.666	8.444	stimOnset	003	4	1	attentionOnFixation	6	1.571	2
12.750	8.500	maskOnset	003	4	1	attentionOnFixation	6	1.571	2
12.833	8.555	stimOnset	003	4	1	attentionOnFixation	6	1.571	2
12.916	8.611	maskOnset	003	4	1	attentionOnFixation	6	1.571	2
13.000	8.666	stimOnset	003	4	1	attentionOnFixation	6	1.571	2
13.083	8.722	maskOnset	003	4	1	attentionOnFixation	6	1.571	2
13.166	8.777	stimCatch	003	4	1	attentionOnFixation	6	1.571	2
13.250	8.833	maskCatch	003	4	1	attentionOnFixation	6	1.571	2
13.333	8.889	stimCatch	003	4	1	attentionOnFixation	6	1.571	2
13.416	8.944	maskCatch	003	4	1	attentionOnFixation	6	1.571	2
13.500	9.000	stimCatch	003	4	1	attentionOnFixation	6	1.571	2
13.583	9.055	maskCatch	003	4	1	attentionOnFixation	6	1.571	2
13.666	9.111	stimCatch	003	4	1	attentionOnFixation	6	1.571	2
13.750	9.166	maskCatch	003	4	1	attentionOnFixation	6	1.571	2
13.833	9.222	stimCatch	003	4	1	attentionOnFixation	6	1.571	2
13.916	9.277	maskCatch	003	4	1	attentionOnFixation	6	1.571	2
14.000	9.333	stimCatch	003	4	1	attentionOnFixation	6	1.571	2
14.083	9.389	maskCatch	003	4	1	attentionOnFixation	6	1.571	2
14.166	9.444	stimOnset	003	4	1	attentionOnFixation	6	1.571	2
14.250	9.500	maskOnset	003	4	1	attentionOnFixation	6	1.571	2
14.333	9.555	stimOnset	003	4	1	attentionOnFixation	6	1.571	2
14.416	9.611	maskOnset	003	4	1	attentionOnFixation	6	1.571	2
14.500	9.666	stimOnset	003	4	1	attentionOnFixation	6	1.571	2
14.583	9.722	maskOnset	003	4	1	attentionOnFixation	6	1.571	2
14.666	9.777	stimOnset	003	4	1	attentionOnFixation	6	1.571	2
14.749	9.833	maskOnset	003	4	1	attentionOnFixation	6	1.571	2
14.833	9.889	stimOnset	003	4	1	attentionOnFixation	6	1.571	2
14.916	9.944	maskOnset	003	4	1	attentionOnFixation	6	1.571	2
14.966	9.977	fixCatch	003	4	1	attentionOnFixation	6	1.571	2
14.967	9.978	fixCatchNextStimulus	003	4	1	attentionOnFixation	6	1.571	2
14.999	10.000	stimOnset	003	4	1	attentionOnFixation	6	1.571	2
15.016	10.011	fixCatch	003	4	1	attentionOnFixation	6	1.571	2
15.083	10.055	maskOnset	003	4	1	attentionOnFixation	6	1.571	2
15.166	10.111	stimOnset	003	4	1	attentionOnFixation	6	1.571	2
15.249	10.166	maskOnset	003	4	1	attentionOnFixation	6	1.571	2
15.333	10.222	stimOnset	003	4	1	attentionOnFixation	6	1.571	2
15.416	10.277	maskOnset	003	4	1	attentionOnFixation	6	1.571	2
15.499	10.333	stimOnset	003	4	1	attentionOnFixation	6	1.571	2
15.583	10.389	maskOnset	003	4	1	attentionOnFixation	6	1.571	2
15.666	10.444	stimOnset	003	4	1	attentionOnFixation	6	1.571	2
15.749	10.500	maskOnset	003	4	1	attentionOnFixation	6	1.571	2
15.833	10.555	stimOnset	003	4	1	attentionOnFixation	6	1.571	2
15.916	10.611	maskOnset	003	4	1	attentionOnFixation	6	1.571	2
15.999	10.666	stimOnset	003	4	1	attentionOnFixation	6	1.571	2
16.083	10.722	maskOnset	003	4	1	attentionOnFixation	6	1.571	2
16.166	10.777	stimOnset	003	4	1	attentionOnFixation	6	1.571	2
16.249	10.833	maskOnset	003	4	1	attentionOnFixation	6	1.571	2
16.333	10.889	stimOnset	003	4	1	attentionOnFixation	6	1.571	2
16.416	10.944	maskOnset	003	4	1	attentionOnFixation	6	1.571	2
16.499	11.000	stimOnset	003	4	1	attentionOnFixation	6	1.571	2
16.583	11.055	maskOnset	003	4	1	attentionOnFixation	6	1.571	2
16.666	11.111	stimOnset	003	4	1	attentionOnFixation	6	1.571	2
16.749	11.166	maskOnset	003	4	1	attentionOnFixation	6	1.571	2
16.833	11.222	stimOnset	003	4	1	attentionOnFixation	6	1.571	2
16.916	11.277	maskOnset	003	4	1	attentionOnFixation	6	1.571	2
16.999	11.333	stimOnset	003	4	1	attentionOnFixation	6	1.571	2
17.083	11.388	maskOnset	003	4	1	attentionOnFixation	6	1.571	2
17.166	11.444	stimOnset	003	4	1	attentionOnFixation	6	1.571	2
17.249	11.500	maskOnset	003	4	1	attentionOnFixation	6	1.571	2
17.333	11.555	stimOnset	003	4	1	attentionOnFixation	6	1.571	2
17.416	11.611	maskOnset	003	4	1	attentionOnFixation	6	1.571	2
17.499	11.666	stimOnset	003	4	1	attentionOnFixation	6	1.571	2
17.583	11.722	maskOnset	003	4	1	attentionOnFixation	6	1.571	2
17.666	11.777	stimOnset	003	4	1	attentionOnFixation	6	1.571	2
17.749	11.833	maskOnset	003	4	1	attentionOnFixation	6	1.571	2
17.833	11.888	stimOnset	003	4	1	attentionOnFixation	6	1.571	2
17.916	11.944	maskOnset	003	4	1	attentionOnFixation	6	1.571	2
17.999	12.000	stimOnset	003	4	1	attentionOnFixation	6	1.571	2
18.083	12.055	maskOnset	003	4	1	attentionOnFixation	6	1.571	2
18.166	12.111	stimOnset	003	4	1	attentionOnFixation	6	1.571	2
18.249	12.166	maskOnset	003	4	1	attentionOnFixation	6	1.571	2
18.333	12.222	stimOnset	003	4	1	attentionOnFixation	6	1.571	2
18.416	12.277	maskOnset	003	4	1	attentionOnFixation	6	1.571	2
18.499	12.333	stimOnset	003	4	1	attentionOnFixation	6	1.571	2
18.583	12.388	maskOnset	003	4	1	attentionOnFixation	6	1.571	2
18.666	12.444	stimOnset	003	4	1	attentionOnFixation	6	1.571	2
18.749	12.500	maskOnset	003	4	1	attentionOnFixation	6	1.571	2
18.833	12.555	stimOnset	003	4	1	attentionOnFixation	6	1.571	2
18.916	12.611	maskOnset	003	4	1	attentionOnFixation	6	1.571	2
18.999	12.666	stimOnset	003	4	1	attentionOnFixation	6	1.571	2
19.083	12.722	maskOnset	003	4	1	attentionOnFixation	6	1.571	2
19.166	12.777	stimOnset	003	4	1	attentionOnFixation	6	1.571	2
19.249	12.833	maskOnset	003	4	1	attentionOnFixation	6	1.571	2
19.333	12.888	stimOnset	003	4	1	attentionOnFixation	6	1.571	2
19.416	12.944	maskOnset	003	4	1	attentionOnFixation	6	1.571	2
19.499	13.000	stimOnset	003	4	1	attentionOnFixation	6	1.571	2
19.583	13.055	maskOnset	003	4	1	attentionOnFixation	6	1.571	2
19.666	13.111	stimOnset	003	4	1	attentionOnFixation	6	1.571	2
19.749	13.166	maskOnset	003	4	1	attentionOnFixation	6	1.571	2
19.833	13.222	stimOnset	003	4	1	attentionOnFixation	6	1.571	2
19.916	13.277	maskOnset	003	4	1	attentionOnFixation	6	1.571	2
19.999	13.333	stimOnset	003	4	1	attentionOnFixation	6	1.571	2
20.083	13.388	maskOnset	003	4	1	attentionOnFixation	6	1.571	2
20.166	13.444	stimOnset	003	4	1	attentionOnFixation	6	1.571	2
20.249	13.500	maskOnset	003	4	1	attentionOnFixation	6	1.571	2
20.333	13.555	stimOnset	003	4	1	attentionOnFixation	6	1.571	2
20.416	13.611	maskOnset	003	4	1	attentionOnFixation	6	1.571	2
20.499	13.666	stimOnset	003	4	1	attentionOnFixation	6	1.571	2
20.583	13.722	maskOnset	003	4	1	attentionOnFixation	6	1.571	2
20.666	13.777	stimOnset	003	4	1	attentionOnFixation	6	1.571	2
20.749	13.833	maskOnset	003	4	1	attentionOnFixation	6	1.571	2
20.833	13.888	stimOnset	003	4	1	attentionOnFixation	6	1.571	2
20.916	13.944	maskOnset	003	4	1	attentionOnFixation	6	1.571	2
20.999	14.000	stimOnset	003	4	1	attentionOnFixation	6	1.571	2
21.083	14.055	maskOnset	003	4	1	attentionOnFixation	6	1.571	2
21.166	14.111	breakOnset	003	4	1	attentionOnFixation	6	1.571	2
21.170	14.113	buttonpress	003	4	1	attentionOnFixation	6	1.571	2
32.999	21.999	stimOnset	003	4	2	attentionOnFixation	6	3.142	1
33.082	22.055	maskOnset	003	4	2	attentionOnFixation	6	3.142	1
33.165	22.110	stimOnset	003	4	2	attentionOnFixation	6	3.142	1
33.249	22.166	maskOnset	003	4	2	attentionOnFixation	6	3.142	1
33.332	22.221	stimOnset	003	4	2	attentionOnFixation	6	3.142	1
33.415	22.277	maskOnset	003	4	2	attentionOnFixation	6	3.142	1
33.499	22.333	stimOnset	003	4	2	attentionOnFixation	6	3.142	1
33.582	22.388	maskOnset	003	4	2	attentionOnFixation	6	3.142	1
33.665	22.444	stimOnset	003	4	2	attentionOnFixation	6	3.142	1
33.749	22.499	maskOnset	003	4	2	attentionOnFixation	6	3.142	1
33.832	22.555	stimOnset	003	4	2	attentionOnFixation	6	3.142	1
33.915	22.610	maskOnset	003	4	2	attentionOnFixation	6	3.142	1
33.999	22.666	stimOnset	003	4	2	attentionOnFixation	6	3.142	1
34.082	22.721	maskOnset	003	4	2	attentionOnFixation	6	3.142	1
34.165	22.777	stimOnset	003	4	2	attentionOnFixation	6	3.142	1
34.249	22.833	maskOnset	003	4	2	attentionOnFixation	6	3.142	1
34.332	22.888	stimOnset	003	4	2	attentionOnFixation	6	3.142	1
34.415	22.944	maskOnset	003	4	2	attentionOnFixation	6	3.142	1
34.499	22.999	stimOnset	003	4	2	attentionOnFixation	6	3.142	1
34.582	23.055	maskOnset	003	4	2	attentionOnFixation	6	3.142	1
34.665	23.110	stimOnset	003	4	2	attentionOnFixation	6	3.142	1
34.749	23.166	maskOnset	003	4	2	attentionOnFixation	6	3.142	1
34.832	23.221	stimOnset	003	4	2	attentionOnFixation	6	3.142	1
34.915	23.277	maskOnset	003	4	2	attentionOnFixation	6	3.142	1
34.999	23.332	stimOnset	003	4	2	attentionOnFixation	6	3.142	1
35.082	23.388	maskOnset	003	4	2	attentionOnFixation	6	3.142	1
35.165	23.444	stimOnset	003	4	2	attentionOnFixation	6	3.142	1
35.249	23.499	maskOnset	003	4	2	attentionOnFixation	6	3.142	1
35.332	23.555	stimOnset	003	4	2	attentionOnFixation	6	3.142	1
35.415	23.610	maskOnset	003	4	2	attentionOnFixation	6	3.142	1
35.499	23.666	stimOnset	003	4	2	attentionOnFixation	6	3.142	1
35.582	23.721	maskOnset	003	4	2	attentionOnFixation	6	3.142	1
35.665	23.777	stimOnset	003	4	2	attentionOnFixation	6	3.142	1
35.749	23.832	maskOnset	003	4	2	attentionOnFixation	6	3.142	1
35.832	23.888	stimOnset	003	4	2	attentionOnFixation	6	3.142	1
35.915	23.944	maskOnset	003	4	2	attentionOnFixation	6	3.142	1
35.999	23.999	stimOnset	003	4	2	attentionOnFixation	6	3.142	1
36.082	24.055	maskOnset	003	4	2	attentionOnFixation	6	3.142	1
36.165	24.110	stimOnset	003	4	2	attentionOnFixation	6	3.142	1
36.249	24.166	maskOnset	003	4	2	attentionOnFixation	6	3.142	1
36.332	24.221	stimOnset	003	4	2	attentionOnFixation	6	3.142	1
36.415	24.277	maskOnset	003	4	2	attentionOnFixation	6	3.142	1
36.499	24.332	stimOnset	003	4	2	attentionOnFixation	6	3.142	1
36.582	24.388	maskOnset	003	4	2	attentionOnFixation	6	3.142	1
36.665	24.444	stimOnset	003	4	2	attentionOnFixation	6	3.142	1
36.749	24.499	maskOnset	003	4	2	attentionOnFixation	6	3.142	1
36.832	24.555	stimOnset	003	4	2	attentionOnFixation	6	3.142	1
36.915	24.610	maskOnset	003	4	2	attentionOnFixation	6	3.142	1
36.999	24.666	stimOnset	003	4	2	attentionOnFixation	6	3.142	1
37.082	24.721	maskOnset	003	4	2	attentionOnFixation	6	3.142	1
37.165	24.777	stimOnset	003	4	2	attentionOnFixation	6	3.142	1
37.249	24.832	maskOnset	003	4	2	attentionOnFixation	6	3.142	1
37.332	24.888	stimOnset	003	4	2	attentionOnFixation	6	3.142	1
37.415	24.944	maskOnset	003	4	2	attentionOnFixation	6	3.142	1
37.499	24.999	stimOnset	003	4	2	attentionOnFixation	6	3.142	1
37.582	25.055	maskOnset	003	4	2	attentionOnFixation	6	3.142	1
37.665	25.110	stimOnset	003	4	2	attentionOnFixation	6	3.142	1
37.749	25.166	maskOnset	003	4	2	attentionOnFixation	6	3.142	1
37.832	25.221	stimOnset	003	4	2	attentionOnFixation	6	3.142	1
37.915	25.277	maskOnset	003	4	2	attentionOnFixation	6	3.142	1
37.999	25.332	stimOnset	003	4	2	attentionOnFixation	6	3.142	1
38.082	25.388	maskOnset	003	4	2	attentionOnFixation	6	3.142	1
38.165	25.444	stimOnset	003	4	2	attentionOnFixation	6	3.142	1
38.249	25.499	maskOnset	003	4	2	attentionOnFixation	6	3.142	1
38.332	25.555	stimOnset	003	4	2	attentionOnFixation	6	3.142	1
38.415	25.610	maskOnset	003	4	2	attentionOnFixation	6	3.142	1
38.499	25.666	stimOnset	003	4	2	attentionOnFixation	6	3.142	1
38.582	25.721	maskOnset	003	4	2	attentionOnFixation	6	3.142	1
38.665	25.777	stimOnset	003	4	2	attentionOnFixation	6	3.142	1
38.749	25.832	maskOnset	003	4	2	attentionOnFixation	6	3.142	1
38.832	25.888	stimOnset	003	4	2	attentionOnFixation	6	3.142	1
38.915	25.944	maskOnset	003	4	2	attentionOnFixation	6	3.142	1
38.999	25.999	stimOnset	003	4	2	attentionOnFixation	6	3.142	1
39.082	26.055	maskOnset	003	4	2	attentionOnFixation	6	3.142	1
39.165	26.110	stimOnset	003	4	2	attentionOnFixation	6	3.142	1
39.249	26.166	maskOnset	003	4	2	attentionOnFixation	6	3.142	1
39.332	26.221	stimOnset	003	4	2	attentionOnFixation	6	3.142	1
39.415	26.277	maskOnset	003	4	2	attentionOnFixation	6	3.142	1
39.499	26.332	stimOnset	003	4	2	attentionOnFixation	6	3.142	1
39.582	26.388	maskOnset	003	4	2	attentionOnFixation	6	3.142	1
39.665	26.443	stimOnset	003	4	2	attentionOnFixation	6	3.142	1
39.749	26.499	maskOnset	003	4	2	attentionOnFixation	6	3.142	1
39.832	26.555	stimOnset	003	4	2	attentionOnFixation	6	3.142	1
39.915	26.610	maskOnset	003	4	2	attentionOnFixation	6	3.142	1
39.999	26.666	stimOnset	003	4	2	attentionOnFixation	6	3.142	1
40.082	26.721	maskOnset	003	4	2	attentionOnFixation	6	3.142	1
40.165	26.777	stimOnset	003	4	2	attentionOnFixation	6	3.142	1
40.249	26.832	maskOnset	003	4	2	attentionOnFixation	6	3.142	1
40.332	26.888	stimOnset	003	4	2	attentionOnFixation	6	3.142	1
40.415	26.943	maskOnset	003	4	2	attentionOnFixation	6	3.142	1
40.499	26.999	stimOnset	003	4	2	attentionOnFixation	6	3.142	1
40.582	27.055	maskOnset	003	4	2	attentionOnFixation	6	3.142	1
40.665	27.110	stimOnset	003	4	2	attentionOnFixation	6	3.142	1
40.749	27.166	maskOnset	003	4	2	attentionOnFixation	6	3.142	1
40.832	27.221	stimOnset	003	4	2	attentionOnFixation	6	3.142	1
40.915	27.277	maskOnset	003	4	2	attentionOnFixation	6	3.142	1
40.999	27.332	stimOnset	003	4	2	attentionOnFixation	6	3.142	1
41.082	27.388	maskOnset	003	4	2	attentionOnFixation	6	3.142	1
41.165	27.443	stimOnset	003	4	2	attentionOnFixation	6	3.142	1
41.249	27.499	maskOnset	003	4	2	attentionOnFixation	6	3.142	1
41.332	27.555	stimOnset	003	4	2	attentionOnFixation	6	3.142	1
41.415	27.610	maskOnset	003	4	2	attentionOnFixation	6	3.142	1
41.498	27.666	stimOnset	003	4	2	attentionOnFixation	6	3.142	1
41.582	27.721	maskOnset	003	4	2	attentionOnFixation	6	3.142	1
41.665	27.777	stimOnset	003	4	2	attentionOnFixation	6	3.142	1
41.748	27.832	maskOnset	003	4	2	attentionOnFixation	6	3.142	1
41.832	27.888	stimOnset	003	4	2	attentionOnFixation	6	3.142	1
41.915	27.943	maskOnset	003	4	2	attentionOnFixation	6	3.142	1
41.998	27.999	stimOnset	003	4	2	attentionOnFixation	6	3.142	1
42.082	28.055	maskOnset	003	4	2	attentionOnFixation	6	3.142	1
42.165	28.110	stimOnset	003	4	2	attentionOnFixation	6	3.142	1
42.248	28.166	maskOnset	003	4	2	attentionOnFixation	6	3.142	1
42.332	28.221	stimOnset	003	4	2	attentionOnFixation	6	3.142	1
42.415	28.277	maskOnset	003	4	2	attentionOnFixation	6	3.142	1
42.498	28.332	stimOnset	003	4	2	attentionOnFixation	6	3.142	1
42.582	28.388	maskOnset	003	4	2	attentionOnFixation	6	3.142	1
42.665	28.443	stimOnset	003	4	2	attentionOnFixation	6	3.142	1
42.748	28.499	maskOnset	003	4	2	attentionOnFixation	6	3.142	1
42.832	28.555	stimOnset	003	4	2	attentionOnFixation	6	3.142	1
42.915	28.610	maskOnset	003	4	2	attentionOnFixation	6	3.142	1
42.998	28.666	stimOnset	003	4	2	attentionOnFixation	6	3.142	1
43.082	28.721	maskOnset	003	4	2	attentionOnFixation	6	3.142	1
43.165	28.777	stimOnset	003	4	2	attentionOnFixation	6	3.142	1
43.248	28.832	maskOnset	003	4	2	attentionOnFixation	6	3.142	1
43.332	28.888	stimOnset	003	4	2	attentionOnFixation	6	3.142	1
43.415	28.943	maskOnset	003	4	2	attentionOnFixation	6	3.142	1
43.498	28.999	stimOnset	003	4	2	attentionOnFixation	6	3.142	1
43.582	29.055	maskOnset	003	4	2	attentionOnFixation	6	3.142	1
43.665	29.110	stimOnset	003	4	2	attentionOnFixation	6	3.142	1
43.748	29.166	maskOnset	003	4	2	attentionOnFixation	6	3.142	1
43.832	29.221	stimOnset	003	4	2	attentionOnFixation	6	3.142	1
43.915	29.277	maskOnset	003	4	2	attentionOnFixation	6	3.142	1
43.998	29.332	stimOnset	003	4	2	attentionOnFixation	6	3.142	1
44.082	29.388	maskOnset	003	4	2	attentionOnFixation	6	3.142	1
44.165	29.443	stimOnset	003	4	2	attentionOnFixation	6	3.142	1
44.248	29.499	maskOnset	003	4	2	attentionOnFixation	6	3.142	1
44.332	29.554	stimOnset	003	4	2	attentionOnFixation	6	3.142	1
44.415	29.610	maskOnset	003	4	2	attentionOnFixation	6	3.142	1
44.498	29.666	stimOnset	003	4	2	attentionOnFixation	6	3.142	1
44.582	29.721	maskOnset	003	4	2	attentionOnFixation	6	3.142	1
44.665	29.777	stimOnset	003	4	2	attentionOnFixation	6	3.142	1
44.748	29.832	maskOnset	003	4	2	attentionOnFixation	6	3.142	1
44.832	29.888	stimOnset	003	4	2	attentionOnFixation	6	3.142	1
44.915	29.943	maskOnset	003	4	2	attentionOnFixation	6	3.142	1
44.998	29.999	stimOnset	003	4	2	attentionOnFixation	6	3.142	1
45.082	30.054	maskOnset	003	4	2	attentionOnFixation	6	3.142	1
45.165	30.110	stimOnset	003	4	2	attentionOnFixation	6	3.142	1
45.248	30.166	maskOnset	003	4	2	attentionOnFixation	6	3.142	1
45.332	30.221	stimOnset	003	4	2	attentionOnFixation	6	3.142	1
45.415	30.277	maskOnset	003	4	2	attentionOnFixation	6	3.142	1
45.498	30.332	stimOnset	003	4	2	attentionOnFixation	6	3.142	1
45.582	30.388	maskOnset	003	4	2	attentionOnFixation	6	3.142	1
45.665	30.443	stimOnset	003	4	2	attentionOnFixation	6	3.142	1
45.748	30.499	maskOnset	003	4	2	attentionOnFixation	6	3.142	1
45.832	30.554	stimOnset	003	4	2	attentionOnFixation	6	3.142	1
45.915	30.610	maskOnset	003	4	2	attentionOnFixation	6	3.142	1
45.998	30.666	stimOnset	003	4	2	attentionOnFixation	6	3.142	1
46.082	30.721	maskOnset	003	4	2	attentionOnFixation	6	3.142	1
46.165	30.777	stimOnset	003	4	2	attentionOnFixation	6	3.142	1
46.248	30.832	maskOnset	003	4	2	attentionOnFixation	6	3.142	1
46.332	30.888	stimOnset	003	4	2	attentionOnFixation	6	3.142	1
46.415	30.943	maskOnset	003	4	2	attentionOnFixation	6	3.142	1
46.498	30.999	stimOnset	003	4	2	attentionOnFixation	6	3.142	1
46.582	31.054	maskOnset	003	4	2	attentionOnFixation	6	3.142	1
46.665	31.110	stimOnset	003	4	2	attentionOnFixation	6	3.142	1
46.748	31.166	maskOnset	003	4	2	attentionOnFixation	6	3.142	1
46.832	31.221	stimOnset	003	4	2	attentionOnFixation	6	3.142	1
46.915	31.277	maskOnset	003	4	2	attentionOnFixation	6	3.142	1
46.998	31.332	stimOnset	003	4	2	attentionOnFixation	6	3.142	1
47.082	31.388	maskOnset	003	4	2	attentionOnFixation	6	3.142	1
47.165	31.443	stimOnset	003	4	2	attentionOnFixation	6	3.142	1
47.248	31.499	maskOnset	003	4	2	attentionOnFixation	6	3.142	1
47.332	31.554	stimOnset	003	4	2	attentionOnFixation	6	3.142	1
47.415	31.610	maskOnset	003	4	2	attentionOnFixation	6	3.142	1
47.498	31.666	stimOnset	003	4	2	attentionOnFixation	6	3.142	1
47.582	31.721	maskOnset	003	4	2	attentionOnFixation	6	3.142	1
47.665	31.777	stimOnset	003	4	2	attentionOnFixation	6	3.142	1
47.748	31.832	maskOnset	003	4	2	attentionOnFixation	6	3.142	1
47.832	31.888	stimOnset	003	4	2	attentionOnFixation	6	3.142	1
47.915	31.943	maskOnset	003	4	2	attentionOnFixation	6	3.142	1
47.998	31.999	stimOnset	003	4	2	attentionOnFixation	6	3.142	1
48.082	32.054	maskOnset	003	4	2	attentionOnFixation	6	3.142	1
48.165	32.110	stimOnset	003	4	2	attentionOnFixation	6	3.142	1
48.248	32.165	maskOnset	003	4	2	attentionOnFixation	6	3.142	1
48.332	32.221	stimOnset	003	4	2	attentionOnFixation	6	3.142	1
48.415	32.277	maskOnset	003	4	2	attentionOnFixation	6	3.142	1
48.498	32.332	stimOnset	003	4	2	attentionOnFixation	6	3.142	1
48.582	32.388	maskOnset	003	4	2	attentionOnFixation	6	3.142	1
48.665	32.443	stimOnset	003	4	2	attentionOnFixation	6	3.142	1
48.748	32.499	maskOnset	003	4	2	attentionOnFixation	6	3.142	1
48.832	32.554	stimOnset	003	4	2	attentionOnFixation	6	3.142	1
48.915	32.610	maskOnset	003	4	2	attentionOnFixation	6	3.142	1
48.998	32.665	stimOnset	003	4	2	attentionOnFixation	6	3.142	1
49.082	32.721	maskOnset	003	4	2	attentionOnFixation	6	3.142	1
49.165	32.777	stimOnset	003	4	2	attentionOnFixation	6	3.142	1
49.248	32.832	maskOnset	003	4	2	attentionOnFixation	6	3.142	1
49.332	32.888	stimOnset	003	4	2	attentionOnFixation	6	3.142	1
49.415	32.943	maskOnset	003	4	2	attentionOnFixation	6	3.142	1
49.498	32.999	breakOnset	003	4	2	attentionOnFixation	6	3.142	1
61.498	40.999	stimOnset	003	4	3	attentionOnFixation	5.000000e-01	5.760	2
62.498	41.665	maskOnset	003	4	3	attentionOnFixation	5.000000e-01	5.760	2
63.498	42.332	stimCatch	003	4	3	attentionOnFixation	5.000000e-01	5.760	2
64.498	42.998	maskOnset	003	4	3	attentionOnFixation	5.000000e-01	5.760	2
65.498	43.665	stimOnset	003	4	3	attentionOnFixation	5.000000e-01	5.760	2
66.498	44.332	maskOnset	003	4	3	attentionOnFixation	5.000000e-01	5.760	2
66.831	44.554	fixCatch	003	4	3	attentionOnFixation	5.000000e-01	5.760	2
67.497	44.998	stimOnset	003	4	3	attentionOnFixation	5.000000e-01	5.760	2
68.497	45.665	maskOnset	003	4	3	attentionOnFixation	5.000000e-01	5.760	2
69.497	46.332	stimOnset	003	4	3	attentionOnFixation	5.000000e-01	5.760	2
70.497	46.998	maskOnset	003	4	3	attentionOnFixation	5.000000e-01	5.760	2
71.464	47.643	fixCatch	003	4	3	attentionOnFixation	5.000000e-01	5.760	2
71.466	47.644	fixCatchNextStimulus	003	4	3	attentionOnFixation	5.000000e-01	5.760	2
71.497	47.665	stimOnset	003	4	3	attentionOnFixation	5.000000e-01	5.760	2
71.514	47.676	fixCatch	003	4	3	attentionOnFixation	5.000000e-01	5.760	2
72.497	48.332	maskCatch	003	4	3	attentionOnFixation	5.000000e-01	5.760	2
73.497	48.998	stimOnset	003	4	3	attentionOnFixation	5.000000e-01	5.760	2
74.481	49.654	fixCatch	003	4	3	attentionOnFixation	5.000000e-01	5.760	2
74.482	49.655	fixCatchNextStimulus	003	4	3	attentionOnFixation	5.000000e-01	5.760	2
74.497	49.665	maskOnset	003	4	3	attentionOnFixation	5.000000e-01	5.760	2
74.514	49.676	fixCatch	003	4	3	attentionOnFixation	5.000000e-01	5.760	2
75.497	50.331	stimOnset	003	4	3	attentionOnFixation	5.000000e-01	5.760	2
76.497	50.998	maskOnset	003	4	3	attentionOnFixation	5.000000e-01	5.760	2
77.497	51.665	stimOnset	003	4	3	attentionOnFixation	5.000000e-01	5.760	2
78.497	52.331	maskOnset	003	4	3	attentionOnFixation	5.000000e-01	5.760	2
79.497	52.998	breakOnset	003	4	3	attentionOnFixation	5.000000e-01	5.760	2
79.501	53.000	buttonpress	003	4	3	attentionOnFixation	5.000000e-01	5.760	2
79.512	53.008	buttonpress	003	4	3	attentionOnFixation	5.000000e-01	5.760	2
79.523	53.015	buttonpress	003	4	3	attentionOnFixation	5.000000e-01	5.760	2
89.997	59.998	stimOnset	003	4	4	attentionOnFixation	2	3.665	1
90.247	60.164	maskOnset	003	4	4	attentionOnFixation	2	3.665	1
90.497	60.331	stimOnset	003	4	4	attentionOnFixation	2	3.665	1
90.663	60.442	fixCatch	003	4	4	attentionOnFixation	2	3.665	1
90.665	60.443	fixCatchNextStimulus	003	4	4	attentionOnFixation	2	3.665	1
90.747	60.498	maskOnset	003	4	4	attentionOnFixation	2	3.665	1
90.997	60.664	stimOnset	003	4	4	attentionOnFixation	2	3.665	1
91.247	60.831	maskOnset	003	4	4	attentionOnFixation	2	3.665	1
91.497	60.998	stimOnset	003	4	4	attentionOnFixation	2	3.665	1
91.747	61.164	maskOnset	003	4	4	attentionOnFixation	2	3.665	1
91.997	61.331	stimOnset	003	4	4	attentionOnFixation	2	3.665	1
92.247	61.498	maskOnset	003	4	4	attentionOnFixation	2	3.665	1
92.497	61.664	stimOnset	003	4	4	attentionOnFixation	2	3.665	1
92.747	61.831	maskOnset	003	4	4	attentionOnFixation	2	3.665	1
92.997	61.998	stimOnset	003	4	4	attentionOnFixation	2	3.665	1
93.247	62.164	maskOnset	003	4	4	attentionOnFixation	2	3.665	1
93.497	62.331	stimOnset	003	4	4	attentionOnFixation	2	3.665	1
93.747	62.498	maskOnset	003	4	4	attentionOnFixation	2	3.665	1
93.996	62.664	stimOnset	003	4	4	attentionOnFixation	2	3.665	1
94.246	62.831	maskOnset	003	4	4	attentionOnFixation	2	3.665	1
94.496	62.998	stimOnset	003	4	4	attentionOnFixation	2	3.665	1
94.746	63.164	maskOnset	003	4	4	attentionOnFixation	2	3.665	1
94.996	63.331	stimOnset	003	4	4	attentionOnFixation	2	3.665	1
95.246	63.498	maskOnset	003	4	4	attentionOnFixation	2	3.665	1
95.496	63.664	stimOnset	003	4	4	attentionOnFixation	2	3.665	1
95.746	63.831	maskOnset	003	4	4	attentionOnFixation	2	3.665	1
95.996	63.998	stimOnset	003	4	4	attentionOnFixation	2	3.665	1
96.246	64.164	maskOnset	003	4	4	attentionOnFixation	2	3.665	1
96.496	64.331	stimOnset	003	4	4	attentionOnFixation	2	3.665	1
96.746	64.498	maskOnset	003	4	4	attentionOnFixation	2	3.665	1
96.996	64.664	stimOnset	003	4	4	attentionOnFixation	2	3.665	1
97.246	64.831	maskOnset	003	4	4	attentionOnFixation	2	3.665	1
97.496	64.998	stimOnset	003	4	4	attentionOnFixation	2	3.665	1
97.746	65.164	maskOnset	003	4	4	attentionOnFixation	2	3.665	1
97.996	65.331	stimOnset	003	4	4	attentionOnFixation	2	3.665	1
98.246	65.498	maskOnset	003	4	4	attentionOnFixation	2	3.665	1
98.496	65.664	stimOnset	003	4	4	attentionOnFixation	2	3.665	1
98.680	65.786	fixCatch	003	4	4	attentionOnFixation	2	3.665	1
98.681	65.787	fixCatchNextStimulus	003	4	4	attentionOnFixation	2	3.665	1
98.746	65.831	maskOnset	003	4	4	attentionOnFixation	2	3.665	1
98.763	65.842	fixCatch	003	4	4	attentionOnFixation	2	3.665	1
98.996	65.998	stimOnset	003	4	4	attentionOnFixation	2	3.665	1
99.246	66.164	maskOnset	003	4	4	attentionOnFixation	2	3.665	1
99.496	66.331	stimOnset	003	4	4	attentionOnFixation	2	3.665	1
99.746	66.498	maskOnset	003	4	4	attentionOnFixation	2	3.665	1
99.996	66.664	stimOnset	003	4	4	attentionOnFixation	2	3.665	1
100.246	66.831	maskOnset	003	4	4	attentionOnFixation	2	3.665	1
100.496	66.997	stimOnset	003	4	4	attentionOnFixation	2	3.665	1
100.746	67.164	maskOnset	003	4	4	attentionOnFixation	2	3.665	1
100.996	67.331	stimOnset	003	4	4	attentionOnFixation	2	3.665	1
101.246	67.497	maskOnset	003	4	4	attentionOnFixation	2	3.665	1
101.496	67.664	stimOnset	003	4	4	attentionOnFixation	2	3.665	1
101.746	67.831	maskOnset	003	4	4	attentionOnFixation	2	3.665	1
101.996	67.997	stimOnset	003	4	4	attentionOnFixation	2	3.665	1
102.246	68.164	maskOnset	003	4	4	attentionOnFixation	2	3.665	1
102.496	68.331	stimOnset	003	4	4	attentionOnFixation	2	3.665	1
102.746	68.497	maskOnset	003	4	4	attentionOnFixation	2	3.665	1
102.996	68.664	stimOnset	003	4	4	attentionOnFixation	2	3.665	1
103.246	68.831	maskOnset	003	4	4	attentionOnFixation	2	3.665	1
103.496	68.997	stimOnset	003	4	4	attentionOnFixation	2	3.665	1
103.746	69.164	maskOnset	003	4	4	attentionOnFixation	2	3.665	1
103.996	69.331	stimOnset	003	4	4	attentionOnFixation	2	3.665	1
104.246	69.497	maskOnset	003	4	4	attentionOnFixation	2	3.665	1
104.496	69.664	stimOnset	003	4	4	attentionOnFixation	2	3.665	1
104.746	69.831	maskOnset	003	4	4	attentionOnFixation	2	3.665	1
104.996	69.997	stimOnset	003	4	4	attentionOnFixation	2	3.665	1
105.246	70.164	maskOnset	003	4	4	attentionOnFixation	2	3.665	1
105.496	70.331	stimOnset	003	4	4	attentionOnFixation	2	3.665	1
105.746	70.497	maskOnset	003	4	4	attentionOnFixation	2	3.665	1
105.996	70.664	stimOnset	003	4	4	attentionOnFixation	2	3.665	1
106.246	70.831	maskOnset	003	4	4	attentionOnFixation	2	3.665	1
106.496	70.997	stimOnset	003	4	4	attentionOnFixation	2	3.665	1
106.746	71.164	maskOnset	003	4	4	attentionOnFixation	2	3.665	1
106.996	71.331	breakOnset	003	4	4	attentionOnFixation	2	3.665	1
107.000	71.333	buttonpress	003	4	4	attentionOnFixation	2	3.665	1
107.011	71.341	buttonpress	003	4	4	attentionOnFixation	2	3.665	1
118.496	78.997	stimOnset	003	4	5	attentionOnFixation	5.000000e-01	1.047	1
119.496	79.664	maskOnset	003	4	5	attentionOnFixation	5.000000e-01	1.047	1
120.495	80.330	stimCatch	003	4	5	attentionOnFixation	5.000000e-01	1.047	1
121.495	80.997	maskOnset	003	4	5	attentionOnFixation	5.000000e-01	1.047	1
122.495	81.664	stimOnset	003	4	5	attentionOnFixation	5.000000e-01	1.047	1
123.495	82.330	maskOnset	003	4	5	attentionOnFixation	5.000000e-01	1.047	1
124.495	82.997	stimOnset	003	4	5	attentionOnFixation	5.000000e-01	1.047	1
125.495	83.664	maskOnset	003	4	5	attentionOnFixation	5.000000e-01	1.047	1
126.495	84.330	stimOnset	003	4	5	attentionOnFixation	5.000000e-01	1.047	1
127.495	84.997	maskOnset	003	4	5	attentionOnFixation	5.000000e-01	1.047	1
128.495	85.663	stimOnset	003	4	5	attentionOnFixation	5.000000e-01	1.047	1
129.495	86.330	maskOnset	003	4	5	attentionOnFixation	5.000000e-01	1.047	1
130.495	86.997	stimOnset	003	4	5	attentionOnFixation	5.000000e-01	1.047	1
131.245	87.497	fixCatch	003	4	5	attentionOnFixation	5.000000e-01	1.047	1
131.495	87.663	maskOnset	003	4	5	attentionOnFixation	5.000000e-01	1.047	1
132.495	88.330	stimOnset	003	4	5	attentionOnFixation	5.000000e-01	1.047	1
133.495	88.997	maskOnset	003	4	5	attentionOnFixation	5.000000e-01	1.047	1
134.495	89.663	stimOnset	003	4	5	attentionOnFixation	5.000000e-01	1.047	1
135.495	90.330	maskOnset	003	4	5	attentionOnFixation	5.000000e-01	1.047	1
136.495	90.997	breakOnset	003	4	5	attentionOnFixation	5.000000e-01	1.047	1
136.498	90.999	buttonpress	003	4	5	attentionOnFixation	5.000000e-01	1.047	1
146.995	97.996	stimOnset	003	4	6	attentionOnFixation	2	2.094	2
147.245	98.163	maskOnset	003	4	6	attentionOnFixation	2	2.094	2
147.494	98.330	stimOnset	003	4	6	attentionOnFixation	2	2.094	2
147.744	98.496	maskOnset	003	4	6	attentionOnFixation	2	2.094	2
147.994	98.663	stimOnset	003	4	6	attentionOnFixation	2	2.094	2
148.244	98.830	maskOnset	003	4	6	attentionOnFixation	2	2.094	2
148.494	98.996	stimOnset	003	4	6	attentionOnFixation	2	2.094	2
148.744	99.163	maskOnset	003	4	6	attentionOnFixation	2	2.094	2
148.994	99.330	stimOnset	003	4	6	attentionOnFixation	2	2.094	2
149.244	99.496	maskOnset	003	4	6	attentionOnFixation	2	2.094	2
149.494	99.663	stimOnset	003	4	6	attentionOnFixation	2	2.094	2
149.744	99.830	maskOnset	003	4	6	attentionOnFixation	2	2.094	2
149.994	99.996	stimOnset	003	4	6	attentionOnFixation	2	2.094	2
150.244	100.163	maskOnset	003	4	6	attentionOnFixation	2	2.094	2
150.494	100.330	stimOnset	003	4	6	attentionOnFixation	2	2.094	2
150.744	100.496	maskOnset	003	4	6	attentionOnFixation	2	2.094	2
150.994	100.663	stimOnset	003	4	6	attentionOnFixation	2	2.094	2
151.211	100.807	fixCatch	003	4	6	attentionOnFixation	2	2.094	2
151.212	100.808	fixCatchNextStimulus	003	4	6	attentionOnFixation	2	2.094	2
151.244	100.830	maskOnset	003	4	6	attentionOnFixation	2	2.094	2
151.261	100.841	fixCatch	003	4	6	attentionOnFixation	2	2.094	2
151.494	100.996	stimOnset	003	4	6	attentionOnFixation	2	2.094	2
151.744	101.163	maskOnset	003	4	6	attentionOnFixation	2	2.094	2
151.994	101.330	stimOnset	003	4	6	attentionOnFixation	2	2.094	2
152.244	101.496	maskOnset	003	4	6	attentionOnFixation	2	2.094	2
152.494	101.663	stimOnset	003	4	6	attentionOnFixation	2	2.094	2
152.744	101.830	maskOnset	003	4	6	attentionOnFixation	2	2.094	2
152.994	101.996	stimOnset	003	4	6	attentionOnFixation	2	2.094	2
153.244	102.163	maskOnset	003	4	6	attentionOnFixation	2	2.094	2
153.494	102.330	stimOnset	003	4	6	attentionOnFixation	2	2.094	2
153.744	102.496	maskOnset	003	4	6	attentionOnFixation	2	2.094	2
153.994	102.663	stimOnset	003	4	6	attentionOnFixation	2	2.094	2
154.244	102.830	maskCatch	003	4	6	attentionOnFixation	2	2.094	2
154.494	102.996	stimCatch	003	4	6	attentionOnFixation	2	2.094	2
154.744	103.163	maskCatch	003	4	6	attentionOnFixation	2	2.094	2
154.994	103.329	stimCatch	003	4	6	attentionOnFixation	2	2.094	2
155.244	103.496	maskOnset	003	4	6	attentionOnFixation	2	2.094	2
155.494	103.663	stimOnset	003	4	6	attentionOnFixation	2	2.094	2
155.744	103.829	maskOnset	003	4	6	attentionOnFixation	2	2.094	2
155.994	103.996	stimOnset	003	4	6	attentionOnFixation	2	2.094	2
156.244	104.163	maskOnset	003	4	6	attentionOnFixation	2	2.094	2
156.494	104.329	stimOnset	003	4	6	attentionOnFixation	2	2.094	2
156.744	104.496	maskOnset	003	4	6	attentionOnFixation	2	2.094	2
156.994	104.663	stimOnset	003	4	6	attentionOnFixation	2	2.094	2
157.244	104.829	maskOnset	003	4	6	attentionOnFixation	2	2.094	2
157.494	104.996	stimOnset	003	4	6	attentionOnFixation	2	2.094	2
157.744	105.163	maskOnset	003	4	6	attentionOnFixation	2	2.094	2
157.994	105.329	stimOnset	003	4	6	attentionOnFixation	2	2.094	2
158.244	105.496	maskOnset	003	4	6	attentionOnFixation	2	2.094	2
158.494	105.663	stimOnset	003	4	6	attentionOnFixation	2	2.094	2
158.744	105.829	maskOnset	003	4	6	attentionOnFixation	2	2.094	2
158.994	105.996	stimOnset	003	4	6	attentionOnFixation	2	2.094	2
159.244	106.163	maskOnset	003	4	6	attentionOnFixation	2	2.094	2
159.494	106.329	stimOnset	003	4	6	attentionOnFixation	2	2.094	2
159.744	106.496	maskOnset	003	4	6	attentionOnFixation	2	2.094	2
159.994	106.663	stimOnset	003	4	6	attentionOnFixation	2	2.094	2
160.244	106.829	maskOnset	003	4	6	attentionOnFixation	2	2.094	2
160.494	106.996	stimOnset	003	4	6	attentionOnFixation	2	2.094	2
160.744	107.163	maskOnset	003	4	6	attentionOnFixation	2	2.094	2
160.994	107.329	stimOnset	003	4	6	attentionOnFixation	2	2.094	2
161.244	107.496	maskOnset	003	4	6	attentionOnFixation	2	2.094	2
161.494	107.663	stimOnset	003	4	6	attentionOnFixation	2	2.094	2
161.744	107.829	maskOnset	003	4	6	attentionOnFixation	2	2.094	2
161.994	107.996	stimOnset	003	4	6	attentionOnFixation	2	2.094	2
162.244	108.163	maskOnset	003	4	6	attentionOnFixation	2	2.094	2
162.494	108.329	stimOnset	003	4	6	attentionOnFixation	2	2.094	2
162.744	108.496	maskOnset	003	4	6	attentionOnFixation	2	2.094	2
162.994	108.663	stimOnset	003	4	6	attentionOnFixation	2	2.094	2
163.244	108.829	maskOnset	003	4	6	attentionOnFixation	2	2.094	2
163.494	108.996	stimOnset	003	4	6	attentionOnFixation	2	2.094	2
163.744	109.163	maskOnset	003	4	6	attentionOnFixation	2	2.094	2
163.994	109.329	breakOnset	003	4	6	attentionOnFixation	2	2.094	2
163.997	109.332	buttonpress	003	4	6	attentionOnFixation	2	2.094	2
175.493	116.996	stimOnset	003	4	7	attentionOnFixation	5.000000e-01	4.189	1
176.493	117.662	maskOnset	003	4	7	attentionOnFixation	5.000000e-01	4.189	1
177.493	118.329	stimOnset	003	4	7	attentionOnFixation	5.000000e-01	4.189	1
178.493	118.996	maskOnset	003	4	7	attentionOnFixation	5.000000e-01	4.189	1
178.593	119.062	fixCatch	003	4	7	attentionOnFixation	5.000000e-01	4.189	1
179.493	119.662	stimCatch	003	4	7	attentionOnFixation	5.000000e-01	4.189	1
180.493	120.329	maskOnset	003	4	7	attentionOnFixation	5.000000e-01	4.189	1
181.493	120.995	stimOnset	003	4	7	attentionOnFixation	5.000000e-01	4.189	1
182.493	121.662	maskOnset	003	4	7	attentionOnFixation	5.000000e-01	4.189	1
183.493	122.329	stimOnset	003	4	7	attentionOnFixation	5.000000e-01	4.189	1
184.493	122.995	maskOnset	003	4	7	attentionOnFixation	5.000000e-01	4.189	1
185.493	123.662	stimOnset	003	4	7	attentionOnFixation	5.000000e-01	4.189	1
186.076	124.051	fixCatch	003	4	7	attentionOnFixation	5.000000e-01	4.189	1
186.493	124.329	maskOnset	003	4	7	attentionOnFixation	5.000000e-01	4.189	1
187.493	124.995	stimOnset	003	4	7	attentionOnFixation	5.000000e-01	4.189	1
188.493	125.662	maskOnset	003	4	7	attentionOnFixation	5.000000e-01	4.189	1
189.493	126.329	stimOnset	003	4	7	attentionOnFixation	5.000000e-01	4.189	1
190.493	126.995	maskCatch	003	4	7	attentionOnFixation	5.000000e-01	4.189	1
191.493	127.662	stimOnset	003	4	7	attentionOnFixation	5.000000e-01	4.189	1
192.493	128.329	maskOnset	003	4	7	attentionOnFixation	5.000000e-01	4.189	1
193.493	128.995	breakOnset	003	4	7	attentionOnFixation	5.000000e-01	4.189	1
193.496	128.997	buttonpress	003	4	7	attentionOnFixation	5.000000e-01	4.189	1
203.992	135.995	stimOnset	003	4	8	attentionOnFixation	5.000000e-01	2.618	2
204.992	136.662	maskOnset	003	4	8	attentionOnFixation	5.000000e-01	2.618	2
205.992	137.328	stimOnset	003	4	8	attentionOnFixation	5.000000e-01	2.618	2
206.992	137.995	maskOnset	003	4	8	attentionOnFixation	5.000000e-01	2.618	2
207.992	138.661	stimOnset	003	4	8	attentionOnFixation	5.000000e-01	2.618	2
208.992	139.328	maskOnset	003	4	8	attentionOnFixation	5.000000e-01	2.618	2
209.992	139.995	stimOnset	003	4	8	attentionOnFixation	5.000000e-01	2.618	2
210.992	140.661	maskCatch	003	4	8	attentionOnFixation	5.000000e-01	2.618	2
211.992	141.328	stimOnset	003	4	8	attentionOnFixation	5.000000e-01	2.618	2
212.642	141.761	fixCatch	003	4	8	attentionOnFixation	5.000000e-01	2.618	2
212.992	141.995	maskOnset	003	4	8	attentionOnFixation	5.000000e-01	2.618	2
213.992	142.661	stimOnset	003	4	8	attentionOnFixation	5.000000e-01	2.618	2
214.992	143.328	maskOnset	003	4	8	attentionOnFixation	5.000000e-01	2.618	2
215.992	143.995	stimOnset	003	4	8	attentionOnFixation	5.000000e-01	2.618	2
217.009	144.672	maskCatch	003	4	8	attentionOnFixation	5.000000e-01	2.618	2
218.009	145.339	stimOnset	003	4	8	attentionOnFixation	5.000000e-01	2.618	2
219.008	146.006	maskOnset	003	4	8	attentionOnFixation	5.000000e-01	2.618	2
220.008	146.672	stimOnset	003	4	8	attentionOnFixation	5.000000e-01	2.618	2
221.008	147.339	maskOnset	003	4	8	attentionOnFixation	5.000000e-01	2.618	2
222.008	148.006	breakOnset	003	4	8	attentionOnFixation	5.000000e-01	2.618	2
222.012	148.008	buttonpress	003	4	8	attentionOnFixation	5.000000e-01	2.618	2
232.508	155.005	stimOnset	003	4	9	attentionOnFixation	2	0.524	1
232.758	155.172	maskOnset	003	4	9	attentionOnFixation	2	0.524	1
232.908	155.272	fixCatch	003	4	9	attentionOnFixation	2	0.524	1
232.909	155.273	fixCatchNextStimulus	003	4	9	attentionOnFixation	2	0.524	1
233.008	155.339	stimOnset	003	4	9	attentionOnFixation	2	0.524	1
233.258	155.505	maskOnset	003	4	9	attentionOnFixation	2	0.524	1
233.508	155.672	stimCatch	003	4	9	attentionOnFixation	2	0.524	1
233.758	155.839	maskCatch	003	4	9	attentionOnFixation	2	0.524	1
234.008	156.005	stimCatch	003	4	9	attentionOnFixation	2	0.524	1
234.258	156.172	maskCatch	003	4	9	attentionOnFixation	2	0.524	1
234.508	156.339	stimOnset	003	4	9	attentionOnFixation	2	0.524	1
234.758	156.505	maskOnset	003	4	9	attentionOnFixation	2	0.524	1
235.008	156.672	stimOnset	003	4	9	attentionOnFixation	2	0.524	1
235.258	156.839	maskOnset	003	4	9	attentionOnFixation	2	0.524	1
235.508	157.005	stimOnset	003	4	9	attentionOnFixation	2	0.524	1
235.758	157.172	maskOnset	003	4	9	attentionOnFixation	2	0.524	1
236.008	157.339	stimOnset	003	4	9	attentionOnFixation	2	0.524	1
236.258	157.505	maskOnset	003	4	9	attentionOnFixation	2	0.524	1
236.508	157.672	stimOnset	003	4	9	attentionOnFixation	2	0.524	1
236.758	157.839	maskOnset	003	4	9	attentionOnFixation	2	0.524	1
236.775	157.850	fixCatch	003	4	9	attentionOnFixation	2	0.524	1
237.008	158.005	stimOnset	003	4	9	attentionOnFixation	2	0.524	1
237.258	158.172	maskOnset	003	4	9	attentionOnFixation	2	0.524	1
237.508	158.339	stimOnset	003	4	9	attentionOnFixation	2	0.524	1
237.758	158.505	maskOnset	003	4	9	attentionOnFixation	2	0.524	1
238.008	158.672	stimOnset	003	4	9	attentionOnFixation	2	0.524	1
238.258	158.839	maskOnset	003	4	9	attentionOnFixation	2	0.524	1
238.508	159.005	stimOnset	003	4	9	attentionOnFixation	2	0.524	1
238.758	159.172	maskOnset	003	4	9	attentionOnFixation	2	0.524	1
239.008	159.339	stimOnset	003	4	9	attentionOnFixation	2	0.524	1
239.258	159.505	maskOnset	003	4	9	attentionOnFixation	2	0.524	1
239.508	159.672	stimOnset	003	4	9	attentionOnFixation	2	0.524	1
239.758	159.839	maskOnset	003	4	9	attentionOnFixation	2	0.524	1
240.008	160.005	stimOnset	003	4	9	attentionOnFixation	2	0.524	1
240.258	160.172	maskOnset	003	4	9	attentionOnFixation	2	0.524	1
240.508	160.338	stimOnset	003	4	9	attentionOnFixation	2	0.524	1
240.758	160.505	maskOnset	003	4	9	attentionOnFixation	2	0.524	1
241.008	160.672	stimOnset	003	4	9	attentionOnFixation	2	0.524	1
241.258	160.838	maskOnset	003	4	9	attentionOnFixation	2	0.524	1
241.508	161.005	stimOnset	003	4	9	attentionOnFixation	2	0.524	1
241.758	161.172	maskOnset	003	4	9	attentionOnFixation	2	0.524	1
242.008	161.338	stimOnset	003	4	9	attentionOnFixation	2	0.524	1
242.258	161.505	maskOnset	003	4	9	attentionOnFixation	2	0.524	1
242.508	161.672	stimCatch	003	4	9	attentionOnFixation	2	0.524	1
242.758	161.838	maskCatch	003	4	9	attentionOnFixation	2	0.524	1
243.008	162.005	stimCatch	003	4	9	attentionOnFixation	2	0.524	1
243.258	162.172	maskCatch	003	4	9	attentionOnFixation	2	0.524	1
243.508	162.338	stimOnset	003	4	9	attentionOnFixation	2	0.524	1
243.758	162.505	maskOnset	003	4	9	attentionOnFixation	2	0.524	1
244.008	162.672	stimOnset	003	4	9	attentionOnFixation	2	0.524	1
244.258	162.838	maskOnset	003	4	9	attentionOnFixation	2	0.524	1
244.508	163.005	stimOnset	003	4	9	attentionOnFixation	2	0.524	1
244.758	163.172	maskOnset	003	4	9	attentionOnFixation	2	0.524	1
245.008	163.338	stimOnset	003	4	9	attentionOnFixation	2	0.524	1
245.258	163.505	maskOnset	003	4	9	attentionOnFixation	2	0.524	1
245.508	163.672	stimOnset	003	4	9	attentionOnFixation	2	0.524	1
245.758	163.838	maskOnset	003	4	9	attentionOnFixation	2	0.524	1
246.008	164.005	stimOnset	003	4	9	attentionOnFixation	2	0.524	1
246.258	164.172	maskOnset	003	4	9	attentionOnFixation	2	0.524	1
246.508	164.338	stimOnset	003	4	9	attentionOnFixation	2	0.524	1
246.758	164.505	maskOnset	003	4	9	attentionOnFixation	2	0.524	1
247.008	164.672	stimOnset	003	4	9	attentionOnFixation	2	0.524	1
247.257	164.838	maskOnset	003	4	9	attentionOnFixation	2	0.524	1
247.507	165.005	stimOnset	003	4	9	attentionOnFixation	2	0.524	1
247.757	165.172	maskOnset	003	4	9	attentionOnFixation	2	0.524	1
248.007	165.338	stimOnset	003	4	9	attentionOnFixation	2	0.524	1
248.257	165.505	maskOnset	003	4	9	attentionOnFixation	2	0.524	1
248.507	165.672	stimOnset	003	4	9	attentionOnFixation	2	0.524	1
248.757	165.838	maskOnset	003	4	9	attentionOnFixation	2	0.524	1
249.007	166.005	stimOnset	003	4	9	attentionOnFixation	2	0.524	1
249.257	166.172	maskOnset	003	4	9	attentionOnFixation	2	0.524	1
249.507	166.338	breakOnset	003	4	9	attentionOnFixation	2	0.524	1
249.511	166.341	buttonpress	003	4	9	attentionOnFixation	2	0.524	1
249.518	166.345	buttonpress	003	4	9	attentionOnFixation	2	0.524	1
261.007	174.005	stimOnset	003	4	10	attentionOnFixation	2	5.236	2
261.257	174.171	maskOnset	003	4	10	attentionOnFixation	2	5.236	2
261.507	174.338	stimOnset	003	4	10	attentionOnFixation	2	5.236	2
261.757	174.505	maskOnset	003	4	10	attentionOnFixation	2	5.236	2
262.007	174.671	stimOnset	003	4	10	attentionOnFixation	2	5.236	2
262.257	174.838	maskOnset	003	4	10	attentionOnFixation	2	5.236	2
262.507	175.005	stimOnset	003	4	10	attentionOnFixation	2	5.236	2
262.757	175.171	maskOnset	003	4	10	attentionOnFixation	2	5.236	2
262.790	175.193	fixCatch	003	4	10	attentionOnFixation	2	5.236	2
263.007	175.338	stimOnset	003	4	10	attentionOnFixation	2	5.236	2
263.257	175.505	maskOnset	003	4	10	attentionOnFixation	2	5.236	2
263.507	175.671	stimOnset	003	4	10	attentionOnFixation	2	5.236	2
263.757	175.838	maskOnset	003	4	10	attentionOnFixation	2	5.236	2
264.007	176.005	stimOnset	003	4	10	attentionOnFixation	2	5.236	2
264.257	176.171	maskOnset	003	4	10	attentionOnFixation	2	5.236	2
264.507	176.338	stimOnset	003	4	10	attentionOnFixation	2	5.236	2
264.757	176.505	maskOnset	003	4	10	attentionOnFixation	2	5.236	2
265.007	176.671	stimOnset	003	4	10	attentionOnFixation	2	5.236	2
265.257	176.838	maskOnset	003	4	10	attentionOnFixation	2	5.236	2
265.507	177.005	stimOnset	003	4	10	attentionOnFixation	2	5.236	2
265.757	177.171	maskOnset	003	4	10	attentionOnFixation	2	5.236	2
266.007	177.338	stimOnset	003	4	10	attentionOnFixation	2	5.236	2
266.257	177.505	maskOnset	003	4	10	attentionOnFixation	2	5.236	2
266.507	177.671	stimOnset	003	4	10	attentionOnFixation	2	5.236	2
266.757	177.838	maskOnset	003	4	10	attentionOnFixation	2	5.236	2
266.857	177.905	fixCatch	003	4	10	attentionOnFixation	2	5.236	2
267.007	178.005	stimOnset	003	4	10	attentionOnFixation	2	5.236	2
267.257	178.171	maskOnset	003	4	10	attentionOnFixation	2	5.236	2
267.507	178.338	stimOnset	003	4	10	attentionOnFixation	2	5.236	2
267.757	178.504	maskOnset	003	4	10	attentionOnFixation	2	5.236	2
268.007	178.671	stimOnset	003	4	10	attentionOnFixation	2	5.236	2
268.257	178.838	maskOnset	003	4	10	attentionOnFixation	2	5.236	2
268.507	179.004	stimOnset	003	4	10	attentionOnFixation	2	5.236	2
268.757	179.171	maskOnset	003	4	10	attentionOnFixation	2	5.236	2
269.007	179.338	stimOnset	003	4	10	attentionOnFixation	2	5.236	2
269.257	179.504	maskOnset	003	4	10	attentionOnFixation	2	5.236	2
269.507	179.671	stimOnset	003	4	10	attentionOnFixation	2	5.236	2
269.757	179.838	maskOnset	003	4	10	attentionOnFixation	2	5.236	2
270.007	180.004	stimCatch	003	4	10	attentionOnFixation	2	5.236	2
270.257	180.171	maskCatch	003	4	10	attentionOnFixation	2	5.236	2
270.507	180.338	stimCatch	003	4	10	attentionOnFixation	2	5.236	2
270.757	180.504	maskCatch	003	4	10	attentionOnFixation	2	5.236	2
271.007	180.671	stimOnset	003	4	10	attentionOnFixation	2	5.236	2
271.257	180.838	maskOnset	003	4	10	attentionOnFixation	2	5.236	2
271.507	181.004	stimOnset	003	4	10	attentionOnFixation	2	5.236	2
271.757	181.171	maskOnset	003	4	10	attentionOnFixation	2	5.236	2
272.007	181.338	stimOnset	003	4	10	attentionOnFixation	2	5.236	2
272.257	181.504	maskOnset	003	4	10	attentionOnFixation	2	5.236	2
272.507	181.671	stimOnset	003	4	10	attentionOnFixation	2	5.236	2
272.757	181.838	maskCatch	003	4	10	attentionOnFixation	2	5.236	2
273.007	182.004	stimCatch	003	4	10	attentionOnFixation	2	5.236	2
273.257	182.171	maskCatch	003	4	10	attentionOnFixation	2	5.236	2
273.507	182.338	stimCatch	003	4	10	attentionOnFixation	2	5.236	2
273.757	182.504	maskOnset	003	4	10	attentionOnFixation	2	5.236	2
274.006	182.671	stimOnset	003	4	10	attentionOnFixation	2	5.236	2
274.090	182.727	fixCatch	003	4	10	attentionOnFixation	2	5.236	2
274.256	182.838	maskOnset	003	4	10	attentionOnFixation	2	5.236	2
274.506	183.004	stimOnset	003	4	10	attentionOnFixation	2	5.236	2
274.756	183.171	maskOnset	003	4	10	attentionOnFixation	2	5.236	2
275.006	183.338	stimCatch	003	4	10	attentionOnFixation	2	5.236	2
275.256	183.504	maskCatch	003	4	10	attentionOnFixation	2	5.236	2
275.506	183.671	stimCatch	003	4	10	attentionOnFixation	2	5.236	2
275.756	183.838	maskCatch	003	4	10	attentionOnFixation	2	5.236	2
276.006	184.004	stimOnset	003	4	10	attentionOnFixation	2	5.236	2
276.256	184.171	maskOnset	003	4	10	attentionOnFixation	2	5.236	2
276.506	184.338	stimOnset	003	4	10	attentionOnFixation	2	5.236	2
276.756	184.504	maskOnset	003	4	10	attentionOnFixation	2	5.236	2
277.006	184.671	stimOnset	003	4	10	attentionOnFixation	2	5.236	2
277.256	184.838	maskOnset	003	4	10	attentionOnFixation	2	5.236	2
277.506	185.004	stimOnset	003	4	10	attentionOnFixation	2	5.236	2
277.756	185.171	maskOnset	003	4	10	attentionOnFixation	2	5.236	2
278.006	185.338	breakOnset	003	4	10	attentionOnFixation	2	5.236	2
278.010	185.340	buttonpress	003	4	10	attentionOnFixation	2	5.236	2
278.017	185.345	buttonpress	003	4	10	attentionOnFixation	2	5.236	2
289.506	193.004	stimOnset	003	4	11	attentionOnFixation	6	0.000	1
289.589	193.060	maskOnset	003	4	11	attentionOnFixation	6	0.000	1
289.673	193.115	stimOnset	003	4	11	attentionOnFixation	6	0.000	1
289.756	193.171	maskOnset	003	4	11	attentionOnFixation	6	0.000	1
289.839	193.226	stimOnset	003	4	11	attentionOnFixation	6	0.000	1
289.923	193.282	maskOnset	003	4	11	attentionOnFixation	6	0.000	1
290.006	193.337	stimOnset	003	4	11	attentionOnFixation	6	0.000	1
290.089	193.393	maskOnset	003	4	11	attentionOnFixation	6	0.000	1
290.173	193.448	stimOnset	003	4	11	attentionOnFixation	6	0.000	1
290.256	193.504	maskOnset	003	4	11	attentionOnFixation	6	0.000	1
290.339	193.559	stimOnset	003	4	11	attentionOnFixation	6	0.000	1
290.423	193.615	maskOnset	003	4	11	attentionOnFixation	6	0.000	1
290.506	193.671	stimOnset	003	4	11	attentionOnFixation	6	0.000	1
290.589	193.726	maskOnset	003	4	11	attentionOnFixation	6	0.000	1
290.673	193.782	stimOnset	003	4	11	attentionOnFixation	6	0.000	1
290.756	193.837	maskOnset	003	4	11	attentionOnFixation	6	0.000	1
290.839	193.893	stimOnset	003	4	11	attentionOnFixation	6	0.000	1
290.923	193.948	maskOnset	003	4	11	attentionOnFixation	6	0.000	1
291.006	194.004	stimOnset	003	4	11	attentionOnFixation	6	0.000	1
291.089	194.059	maskOnset	003	4	11	attentionOnFixation	6	0.000	1
291.173	194.115	stimOnset	003	4	11	attentionOnFixation	6	0.000	1
291.256	194.171	maskOnset	003	4	11	attentionOnFixation	6	0.000	1
291.339	194.226	stimOnset	003	4	11	attentionOnFixation	6	0.000	1
291.423	194.282	maskOnset	003	4	11	attentionOnFixation	6	0.000	1
291.506	194.337	stimOnset	003	4	11	attentionOnFixation	6	0.000	1
291.589	194.393	maskOnset	003	4	11	attentionOnFixation	6	0.000	1
291.673	194.448	stimOnset	003	4	11	attentionOnFixation	6	0.000	1
291.756	194.504	maskOnset	003	4	11	attentionOnFixation	6	0.000	1
291.839	194.559	stimOnset	003	4	11	attentionOnFixation	6	0.000	1
291.922	194.615	maskOnset	003	4	11	attentionOnFixation	6	0.000	1
292.006	194.671	stimOnset	003	4	11	attentionOnFixation	6	0.000	1
292.089	194.726	maskOnset	003	4	11	attentionOnFixation	6	0.000	1
292.172	194.782	stimOnset	003	4	11	attentionOnFixation	6	0.000	1
292.256	194.837	maskOnset	003	4	11	attentionOnFixation	6	0.000	1
292.339	194.893	stimOnset	003	4	11	attentionOnFixation	6	0.000	1
292.422	194.948	maskOnset	003	4	11	attentionOnFixation	6	0.000	1
292.506	195.004	stimOnset	003	4	11	attentionOnFixation	6	0.000	1
292.589	195.059	maskOnset	003	4	11	attentionOnFixation	6	0.000	1
292.672	195.115	stimOnset	003	4	11	attentionOnFixation	6	0.000	1
292.756	195.171	maskOnset	003	4	11	attentionOnFixation	6	0.000	1
292.789	195.193	fixCatch	003	4	11	attentionOnFixation	6	0.000	1
292.790	195.194	fixCatchNextStimulus	003	4	11	attentionOnFixation	6	0.000	1
292.839	195.226	stimOnset	003	4	11	attentionOnFixation	6	0.000	1
292.856	195.237	fixCatch	003	4	11	attentionOnFixation	6	0.000	1
292.922	195.282	maskOnset	003	4	11	attentionOnFixation	6	0.000	1
293.006	195.337	stimOnset	003	4	11	attentionOnFixation	6	0.000	1
293.089	195.393	maskOnset	003	4	11	attentionOnFixation	6	0.000	1
293.172	195.448	stimOnset	003	4	11	attentionOnFixation	6	0.000	1
293.256	195.504	maskOnset	003	4	11	attentionOnFixation	6	0.000	1
293.339	195.559	stimOnset	003	4	11	attentionOnFixation	6	0.000	1
293.422	195.615	maskOnset	003	4	11	attentionOnFixation	6	0.000	1
293.506	195.671	stimOnset	003	4	11	attentionOnFixation	6	0.000	1
293.589	195.726	maskOnset	003	4	11	attentionOnFixation	6	0.000	1
293.672	195.782	stimOnset	003	4	11	attentionOnFixation	6	0.000	1
293.756	195.837	maskOnset	003	4	11	attentionOnFixation	6	0.000	1
293.839	195.893	stimOnset	003	4	11	attentionOnFixation	6	0.000	1
293.922	195.948	maskOnset	003	4	11	attentionOnFixation	6	0.000	1
294.006	196.004	stimOnset	003	4	11	attentionOnFixation	6	0.000	1
294.089	196.059	maskOnset	003	4	11	attentionOnFixation	6	0.000	1
294.172	196.115	stimOnset	003	4	11	attentionOnFixation	6	0.000	1
294.256	196.170	maskOnset	003	4	11	attentionOnFixation	6	0.000	1
294.339	196.226	stimOnset	003	4	11	attentionOnFixation	6	0.000	1
294.422	196.282	maskOnset	003	4	11	attentionOnFixation	6	0.000	1
294.506	196.337	stimOnset	003	4	11	attentionOnFixation	6	0.000	1
294.589	196.393	maskOnset	003	4	11	attentionOnFixation	6	0.000	1
294.672	196.448	stimOnset	003	4	11	attentionOnFixation	6	0.000	1
294.756	196.504	maskOnset	003	4	11	attentionOnFixation	6	0.000	1
294.839	196.559	stimOnset	003	4	11	attentionOnFixation	6	0.000	1
294.922	196.615	maskOnset	003	4	11	attentionOnFixation	6	0.000	1
295.006	196.670	stimOnset	003	4	11	attentionOnFixation	6	0.000	1
295.089	196.726	maskOnset	003	4	11	attentionOnFixation	6	0.000	1
295.172	196.782	stimOnset	003	4	11	attentionOnFixation	6	0.000	1
295.256	196.837	maskOnset	003	4	11	attentionOnFixation	6	0.000	1
295.339	196.893	stimOnset	003	4	11	attentionOnFixation	6	0.000	1
295.422	196.948	maskOnset	003	4	11	attentionOnFixation	6	0.000	1
295.506	197.004	stimOnset	003	4	11	attentionOnFixation	6	0.000	1
295.589	197.059	maskOnset	003	4	11	attentionOnFixation	6	0.000	1
295.672	197.115	stimOnset	003	4	11	attentionOnFixation	6	0.000	1
295.756	197.170	maskOnset	003	4	11	attentionOnFixation	6	0.000	1
295.839	197.226	stimOnset	003	4	11	attentionOnFixation	6	0.000	1
295.922	197.282	maskOnset	003	4	11	attentionOnFixation	6	0.000	1
296.006	197.337	stimOnset	003	4	11	attentionOnFixation	6	0.000	1
296.089	197.393	maskOnset	003	4	11	attentionOnFixation	6	0.000	1
296.172	197.448	stimOnset	003	4	11	attentionOnFixation	6	0.000	1
296.256	197.504	maskOnset	003	4	11	attentionOnFixation	6	0.000	1
296.339	197.559	stimCatch	003	4	11	attentionOnFixation	6	0.000	1
296.422	197.615	maskCatch	003	4	11	attentionOnFixation	6	0.000	1
296.506	197.670	stimCatch	003	4	11	attentionOnFixation	6	0.000	1
296.589	197.726	maskCatch	003	4	11	attentionOnFixation	6	0.000	1
296.672	197.782	stimCatch	003	4	11	attentionOnFixation	6	0.000	1
296.756	197.837	maskCatch	003	4	11	attentionOnFixation	6	0.000	1
296.839	197.893	stimCatch	003	4	11	attentionOnFixation	6	0.000	1
296.922	197.948	maskCatch	003	4	11	attentionOnFixation	6	0.000	1
297.006	198.004	stimCatch	003	4	11	attentionOnFixation	6	0.000	1
297.089	198.059	maskCatch	003	4	11	attentionOnFixation	6	0.000	1
297.172	198.115	stimCatch	003	4	11	attentionOnFixation	6	0.000	1
297.256	198.170	maskCatch	003	4	11	attentionOnFixation	6	0.000	1
297.339	198.226	stimOnset	003	4	11	attentionOnFixation	6	0.000	1
297.422	198.282	maskOnset	003	4	11	attentionOnFixation	6	0.000	1
297.506	198.337	stimOnset	003	4	11	attentionOnFixation	6	0.000	1
297.589	198.393	maskOnset	003	4	11	attentionOnFixation	6	0.000	1
297.672	198.448	stimOnset	003	4	11	attentionOnFixation	6	0.000	1
297.756	198.504	maskOnset	003	4	11	attentionOnFixation	6	0.000	1
297.839	198.559	stimOnset	003	4	11	attentionOnFixation	6	0.000	1
297.922	198.615	maskOnset	003	4	11	attentionOnFixation	6	0.000	1
298.006	198.670	stimOnset	003	4	11	attentionOnFixation	6	0.000	1
298.089	198.726	maskOnset	003	4	11	attentionOnFixation	6	0.000	1
298.172	198.782	stimOnset	003	4	11	attentionOnFixation	6	0.000	1
298.256	198.837	maskOnset	003	4	11	attentionOnFixation	6	0.000	1
298.339	198.893	stimOnset	003	4	11	attentionOnFixation	6	0.000	1
298.422	198.948	maskOnset	003	4	11	attentionOnFixation	6	0.000	1
298.506	199.004	stimOnset	003	4	11	attentionOnFixation	6	0.000	1
298.589	199.059	maskOnset	003	4	11	attentionOnFixation	6	0.000	1
298.672	199.115	stimOnset	003	4	11	attentionOnFixation	6	0.000	1
298.756	199.170	maskOnset	003	4	11	attentionOnFixation	6	0.000	1
298.839	199.226	stimOnset	003	4	11	attentionOnFixation	6	0.000	1
298.922	199.281	maskOnset	003	4	11	attentionOnFixation	6	0.000	1
299.006	199.337	stimOnset	003	4	11	attentionOnFixation	6	0.000	1
299.089	199.393	maskOnset	003	4	11	attentionOnFixation	6	0.000	1
299.172	199.448	stimOnset	003	4	11	attentionOnFixation	6	0.000	1
299.256	199.504	maskOnset	003	4	11	attentionOnFixation	6	0.000	1
299.339	199.559	stimOnset	003	4	11	attentionOnFixation	6	0.000	1
299.422	199.615	maskOnset	003	4	11	attentionOnFixation	6	0.000	1
299.506	199.670	stimOnset	003	4	11	attentionOnFixation	6	0.000	1
299.589	199.726	maskOnset	003	4	11	attentionOnFixation	6	0.000	1
299.672	199.781	stimOnset	003	4	11	attentionOnFixation	6	0.000	1
299.756	199.837	maskOnset	003	4	11	attentionOnFixation	6	0.000	1
299.839	199.893	stimOnset	003	4	11	attentionOnFixation	6	0.000	1
299.922	199.948	maskOnset	003	4	11	attentionOnFixation	6	0.000	1
300.006	200.004	stimOnset	003	4	11	attentionOnFixation	6	0.000	1
300.089	200.059	maskOnset	003	4	11	attentionOnFixation	6	0.000	1
300.172	200.115	stimOnset	003	4	11	attentionOnFixation	6	0.000	1
300.256	200.170	maskOnset	003	4	11	attentionOnFixation	6	0.000	1
300.339	200.226	stimOnset	003	4	11	attentionOnFixation	6	0.000	1
300.422	200.281	maskOnset	003	4	11	attentionOnFixation	6	0.000	1
300.506	200.337	stimOnset	003	4	11	attentionOnFixation	6	0.000	1
300.589	200.393	maskOnset	003	4	11	attentionOnFixation	6	0.000	1
300.672	200.448	stimOnset	003	4	11	attentionOnFixation	6	0.000	1
300.755	200.504	maskOnset	003	4	11	attentionOnFixation	6	0.000	1
300.839	200.559	stimOnset	003	4	11	attentionOnFixation	6	0.000	1
300.922	200.615	maskOnset	003	4	11	attentionOnFixation	6	0.000	1
301.005	200.670	stimOnset	003	4	11	attentionOnFixation	6	0.000	1
301.089	200.726	maskOnset	003	4	11	attentionOnFixation	6	0.000	1
301.172	200.781	stimOnset	003	4	11	attentionOnFixation	6	0.000	1
301.255	200.837	maskOnset	003	4	11	attentionOnFixation	6	0.000	1
301.339	200.893	stimOnset	003	4	11	attentionOnFixation	6	0.000	1
301.422	200.948	maskOnset	003	4	11	attentionOnFixation	6	0.000	1
301.505	201.004	stimOnset	003	4	11	attentionOnFixation	6	0.000	1
301.589	201.059	maskOnset	003	4	11	attentionOnFixation	6	0.000	1
301.622	201.081	fixCatch	003	4	11	attentionOnFixation	6	0.000	1
301.623	201.082	fixCatchNextStimulus	003	4	11	attentionOnFixation	6	0.000	1
301.672	201.115	stimOnset	003	4	11	attentionOnFixation	6	0.000	1
301.689	201.126	fixCatch	003	4	11	attentionOnFixation	6	0.000	1
301.755	201.170	maskOnset	003	4	11	attentionOnFixation	6	0.000	1
301.839	201.226	stimOnset	003	4	11	attentionOnFixation	6	0.000	1
301.922	201.281	maskOnset	003	4	11	attentionOnFixation	6	0.000	1
302.005	201.337	stimOnset	003	4	11	attentionOnFixation	6	0.000	1
302.089	201.393	maskOnset	003	4	11	attentionOnFixation	6	0.000	1
302.172	201.448	stimOnset	003	4	11	attentionOnFixation	6	0.000	1
302.255	201.504	maskOnset	003	4	11	attentionOnFixation	6	0.000	1
302.339	201.559	stimOnset	003	4	11	attentionOnFixation	6	0.000	1
302.422	201.615	maskOnset	003	4	11	attentionOnFixation	6	0.000	1
302.505	201.670	stimOnset	003	4	11	attentionOnFixation	6	0.000	1
302.589	201.726	maskOnset	003	4	11	attentionOnFixation	6	0.000	1
302.672	201.781	stimOnset	003	4	11	attentionOnFixation	6	0.000	1
302.755	201.837	maskOnset	003	4	11	attentionOnFixation	6	0.000	1
302.839	201.893	stimOnset	003	4	11	attentionOnFixation	6	0.000	1
302.922	201.948	maskOnset	003	4	11	attentionOnFixation	6	0.000	1
303.005	202.004	stimOnset	003	4	11	attentionOnFixation	6	0.000	1
303.089	202.059	maskOnset	003	4	11	attentionOnFixation	6	0.000	1
303.172	202.115	stimOnset	003	4	11	attentionOnFixation	6	0.000	1
303.255	202.170	maskOnset	003	4	11	attentionOnFixation	6	0.000	1
303.339	202.226	stimOnset	003	4	11	attentionOnFixation	6	0.000	1
303.422	202.281	maskOnset	003	4	11	attentionOnFixation	6	0.000	1
303.505	202.337	stimOnset	003	4	11	attentionOnFixation	6	0.000	1
303.589	202.392	maskOnset	003	4	11	attentionOnFixation	6	0.000	1
303.672	202.448	stimOnset	003	4	11	attentionOnFixation	6	0.000	1
303.755	202.504	maskOnset	003	4	11	attentionOnFixation	6	0.000	1
303.839	202.559	stimOnset	003	4	11	attentionOnFixation	6	0.000	1
303.922	202.615	maskOnset	003	4	11	attentionOnFixation	6	0.000	1
304.005	202.670	stimOnset	003	4	11	attentionOnFixation	6	0.000	1
304.089	202.726	maskOnset	003	4	11	attentionOnFixation	6	0.000	1
304.172	202.781	stimOnset	003	4	11	attentionOnFixation	6	0.000	1
304.255	202.837	maskOnset	003	4	11	attentionOnFixation	6	0.000	1
304.339	202.892	stimOnset	003	4	11	attentionOnFixation	6	0.000	1
304.422	202.948	maskOnset	003	4	11	attentionOnFixation	6	0.000	1
304.505	203.004	stimOnset	003	4	11	attentionOnFixation	6	0.000	1
304.589	203.059	maskOnset	003	4	11	attentionOnFixation	6	0.000	1
304.672	203.115	stimOnset	003	4	11	attentionOnFixation	6	0.000	1
304.755	203.170	maskOnset	003	4	11	attentionOnFixation	6	0.000	1
304.839	203.226	stimOnset	003	4	11	attentionOnFixation	6	0.000	1
304.922	203.281	maskOnset	003	4	11	attentionOnFixation	6	0.000	1
305.005	203.337	stimOnset	003	4	11	attentionOnFixation	6	0.000	1
305.089	203.392	maskOnset	003	4	11	attentionOnFixation	6	0.000	1
305.172	203.448	stimOnset	003	4	11	attentionOnFixation	6	0.000	1
305.255	203.504	maskOnset	003	4	11	attentionOnFixation	6	0.000	1
305.339	203.559	stimOnset	003	4	11	attentionOnFixation	6	0.000	1
305.422	203.615	maskOnset	003	4	11	attentionOnFixation	6	0.000	1
305.505	203.670	stimOnset	003	4	11	attentionOnFixation	6	0.000	1
305.589	203.726	maskOnset	003	4	11	attentionOnFixation	6	0.000	1
305.672	203.781	stimOnset	003	4	11	attentionOnFixation	6	0.000	1
305.755	203.837	maskOnset	003	4	11	attentionOnFixation	6	0.000	1
305.839	203.892	stimOnset	003	4	11	attentionOnFixation	6	0.000	1
305.922	203.948	maskOnset	003	4	11	attentionOnFixation	6	0.000	1
306.005	204.004	stimOnset	003	4	11	attentionOnFixation	6	0.000	1
306.089	204.059	maskOnset	003	4	11	attentionOnFixation	6	0.000	1
306.172	204.115	breakOnset	003	4	11	attentionOnFixation	6	0.000	1
306.175	204.117	buttonpress	003	4	11	attentionOnFixation	6	0.000	1
306.183	204.122	buttonpress	003	4	11	attentionOnFixation	6	0.000	1
318.005	212.003	stimOnset	003	4	12	attentionOnFixation	6	4.712	2
318.088	212.059	maskOnset	003	4	12	attentionOnFixation	6	4.712	2
318.172	212.114	stimOnset	003	4	12	attentionOnFixation	6	4.712	2
318.255	212.170	maskOnset	003	4	12	attentionOnFixation	6	4.712	2
318.338	212.225	stimOnset	003	4	12	attentionOnFixation	6	4.712	2
318.422	212.281	maskOnset	003	4	12	attentionOnFixation	6	4.712	2
318.505	212.337	stimOnset	003	4	12	attentionOnFixation	6	4.712	2
318.588	212.392	maskOnset	003	4	12	attentionOnFixation	6	4.712	2
318.671	212.448	stimOnset	003	4	12	attentionOnFixation	6	4.712	2
318.755	212.503	maskOnset	003	4	12	attentionOnFixation	6	4.712	2
318.838	212.559	stimOnset	003	4	12	attentionOnFixation	6	4.712	2
318.921	212.614	maskOnset	003	4	12	attentionOnFixation	6	4.712	2
319.005	212.670	stimOnset	003	4	12	attentionOnFixation	6	4.712	2
319.088	212.725	maskOnset	003	4	12	attentionOnFixation	6	4.712	2
319.171	212.781	stimOnset	003	4	12	attentionOnFixation	6	4.712	2
319.255	212.837	maskOnset	003	4	12	attentionOnFixation	6	4.712	2
319.338	212.892	stimOnset	003	4	12	attentionOnFixation	6	4.712	2
319.421	212.948	maskOnset	003	4	12	attentionOnFixation	6	4.712	2
319.505	213.003	stimOnset	003	4	12	attentionOnFixation	6	4.712	2
319.588	213.059	maskOnset	003	4	12	attentionOnFixation	6	4.712	2
319.671	213.114	stimOnset	003	4	12	attentionOnFixation	6	4.712	2
319.755	213.170	maskOnset	003	4	12	attentionOnFixation	6	4.712	2
319.838	213.225	stimOnset	003	4	12	attentionOnFixation	6	4.712	2
319.921	213.281	maskCatch	003	4	12	attentionOnFixation	6	4.712	2
320.005	213.337	stimCatch	003	4	12	attentionOnFixation	6	4.712	2
320.088	213.392	maskCatch	003	4	12	attentionOnFixation	6	4.712	2
320.171	213.448	stimCatch	003	4	12	attentionOnFixation	6	4.712	2
320.255	213.503	maskCatch	003	4	12	attentionOnFixation	6	4.712	2
320.338	213.559	stimCatch	003	4	12	attentionOnFixation	6	4.712	2
320.421	213.614	maskCatch	003	4	12	attentionOnFixation	6	4.712	2
320.505	213.670	stimCatch	003	4	12	attentionOnFixation	6	4.712	2
320.588	213.725	maskCatch	003	4	12	attentionOnFixation	6	4.712	2
320.671	213.781	stimCatch	003	4	12	attentionOnFixation	6	4.712	2
320.755	213.837	maskCatch	003	4	12	attentionOnFixation	6	4.712	2
320.838	213.892	stimCatch	003	4	12	attentionOnFixation	6	4.712	2
320.921	213.948	maskOnset	003	4	12	attentionOnFixation	6	4.712	2
321.005	214.003	stimOnset	003	4	12	attentionOnFixation	6	4.712	2
321.088	214.059	maskOnset	003	4	12	attentionOnFixation	6	4.712	2
321.171	214.114	stimOnset	003	4	12	attentionOnFixation	6	4.712	2
321.255	214.170	maskOnset	003	4	12	attentionOnFixation	6	4.712	2
321.338	214.225	stimOnset	003	4	12	attentionOnFixation	6	4.712	2
321.421	214.281	maskOnset	003	4	12	attentionOnFixation	6	4.712	2
321.505	214.336	stimOnset	003	4	12	attentionOnFixation	6	4.712	2
321.588	214.392	maskOnset	003	4	12	attentionOnFixation	6	4.712	2
321.671	214.448	stimOnset	003	4	12	attentionOnFixation	6	4.712	2
321.755	214.503	maskOnset	003	4	12	attentionOnFixation	6	4.712	2
321.838	214.559	stimOnset	003	4	12	attentionOnFixation	6	4.712	2
321.921	214.614	maskOnset	003	4	12	attentionOnFixation	6	4.712	2
322.005	214.670	stimOnset	003	4	12	attentionOnFixation	6	4.712	2
322.088	214.725	maskOnset	003	4	12	attentionOnFixation	6	4.712	2
322.171	214.781	stimOnset	003	4	12	attentionOnFixation	6	4.712	2
322.255	214.836	maskOnset	003	4	12	attentionOnFixation	6	4.712	2
322.338	214.892	stimOnset	003	4	12	attentionOnFixation	6	4.712	2
322.421	214.948	maskOnset	003	4	12	attentionOnFixation	6	4.712	2
322.505	215.003	stimOnset	003	4	12	attentionOnFixation	6	4.712	2
322.588	215.059	maskOnset	003	4	12	attentionOnFixation	6	4.712	2
322.671	215.114	stimOnset	003	4	12	attentionOnFixation	6	4.712	2
322.755	215.170	maskOnset	003	4	12	attentionOnFixation	6	4.712	2
322.838	215.225	stimOnset	003	4	12	attentionOnFixation	6	4.712	2
322.921	215.281	maskOnset	003	4	12	attentionOnFixation	6	4.712	2
323.005	215.336	stimOnset	003	4	12	attentionOnFixation	6	4.712	2
323.088	215.392	maskOnset	003	4	12	attentionOnFixation	6	4.712	2
323.421	215.614	stimOnset	003	4	12	attentionOnFixation	6	4.712	2
323.438	215.625	maskOnset	003	4	12	attentionOnFixation	6	4.712	2
323.455	215.636	stimOnset	003	4	12	attentionOnFixation	6	4.712	2
323.471	215.648	maskOnset	003	4	12	attentionOnFixation	6	4.712	2
323.505	215.670	stimOnset	003	4	12	attentionOnFixation	6	4.712	2
323.588	215.725	maskOnset	003	4	12	attentionOnFixation	6	4.712	2
323.671	215.781	stimOnset	003	4	12	attentionOnFixation	6	4.712	2
323.755	215.836	maskOnset	003	4	12	attentionOnFixation	6	4.712	2
323.838	215.892	stimOnset	003	4	12	attentionOnFixation	6	4.712	2
323.921	215.948	maskOnset	003	4	12	attentionOnFixation	6	4.712	2
324.005	216.003	stimOnset	003	4	12	attentionOnFixation	6	4.712	2
324.088	216.059	maskOnset	003	4	12	attentionOnFixation	6	4.712	2
324.171	216.114	stimOnset	003	4	12	attentionOnFixation	6	4.712	2
324.255	216.170	maskOnset	003	4	12	attentionOnFixation	6	4.712	2
324.338	216.225	stimOnset	003	4	12	attentionOnFixation	6	4.712	2
324.421	216.281	maskOnset	003	4	12	attentionOnFixation	6	4.712	2
324.505	216.336	stimOnset	003	4	12	attentionOnFixation	6	4.712	2
324.588	216.392	maskOnset	003	4	12	attentionOnFixation	6	4.712	2
324.671	216.448	stimOnset	003	4	12	attentionOnFixation	6	4.712	2
324.755	216.503	maskOnset	003	4	12	attentionOnFixation	6	4.712	2
324.838	216.559	stimOnset	003	4	12	attentionOnFixation	6	4.712	2
324.921	216.614	maskOnset	003	4	12	attentionOnFixation	6	4.712	2
325.005	216.670	stimOnset	003	4	12	attentionOnFixation	6	4.712	2
325.088	216.725	maskOnset	003	4	12	attentionOnFixation	6	4.712	2
325.171	216.781	stimOnset	003	4	12	attentionOnFixation	6	4.712	2
325.255	216.836	maskOnset	003	4	12	attentionOnFixation	6	4.712	2
325.338	216.892	stimOnset	003	4	12	attentionOnFixation	6	4.712	2
325.421	216.947	maskOnset	003	4	12	attentionOnFixation	6	4.712	2
325.505	217.003	stimOnset	003	4	12	attentionOnFixation	6	4.712	2
325.588	217.059	maskOnset	003	4	12	attentionOnFixation	6	4.712	2
325.671	217.114	stimOnset	003	4	12	attentionOnFixation	6	4.712	2
325.755	217.170	maskOnset	003	4	12	attentionOnFixation	6	4.712	2
325.838	217.225	stimOnset	003	4	12	attentionOnFixation	6	4.712	2
325.921	217.281	maskOnset	003	4	12	attentionOnFixation	6	4.712	2
326.005	217.336	stimOnset	003	4	12	attentionOnFixation	6	4.712	2
326.088	217.392	maskOnset	003	4	12	attentionOnFixation	6	4.712	2
326.171	217.447	stimOnset	003	4	12	attentionOnFixation	6	4.712	2
326.255	217.503	maskOnset	003	4	12	attentionOnFixation	6	4.712	2
326.338	217.559	stimOnset	003	4	12	attentionOnFixation	6	4.712	2
326.421	217.614	maskOnset	003	4	12	attentionOnFixation	6	4.712	2
326.505	217.670	stimOnset	003	4	12	attentionOnFixation	6	4.712	2
326.588	217.725	maskOnset	003	4	12	attentionOnFixation	6	4.712	2
326.671	217.781	stimOnset	003	4	12	attentionOnFixation	6	4.712	2
326.755	217.836	maskOnset	003	4	12	attentionOnFixation	6	4.712	2
326.838	217.892	stimOnset	003	4	12	attentionOnFixation	6	4.712	2
326.921	217.947	maskOnset	003	4	12	attentionOnFixation	6	4.712	2
327.005	218.003	stimOnset	003	4	12	attentionOnFixation	6	4.712	2
327.088	218.059	maskOnset	003	4	12	attentionOnFixation	6	4.712	2
327.171	218.114	stimOnset	003	4	12	attentionOnFixation	6	4.712	2
327.255	218.170	maskOnset	003	4	12	attentionOnFixation	6	4.712	2
327.338	218.225	stimOnset	003	4	12	attentionOnFixation	6	4.712	2
327.421	218.281	maskOnset	003	4	12	attentionOnFixation	6	4.712	2
327.505	218.336	stimOnset	003	4	12	attentionOnFixation	6	4.712	2
327.588	218.392	maskOnset	003	4	12	attentionOnFixation	6	4.712	2
327.671	218.447	stimOnset	003	4	12	attentionOnFixation	6	4.712	2
327.754	218.503	maskCatch	003	4	12	attentionOnFixation	6	4.712	2
327.838	218.559	stimCatch	003	4	12	attentionOnFixation	6	4.712	2
327.921	218.614	maskCatch	003	4	12	attentionOnFixation	6	4.712	2
328.004	218.670	stimCatch	003	4	12	attentionOnFixation	6	4.712	2
328.088	218.725	maskCatch	003	4	12	attentionOnFixation	6	4.712	2
328.171	218.781	stimCatch	003	4	12	attentionOnFixation	6	4.712	2
328.254	218.836	maskCatch	003	4	12	attentionOnFixation	6	4.712	2
328.338	218.892	stimCatch	003	4	12	attentionOnFixation	6	4.712	2
328.421	218.947	maskCatch	003	4	12	attentionOnFixation	6	4.712	2
328.504	219.003	stimCatch	003	4	12	attentionOnFixation	6	4.712	2
328.588	219.059	maskCatch	003	4	12	attentionOnFixation	6	4.712	2
328.671	219.114	stimCatch	003	4	12	attentionOnFixation	6	4.712	2
328.754	219.170	maskOnset	003	4	12	attentionOnFixation	6	4.712	2
328.838	219.225	stimOnset	003	4	12	attentionOnFixation	6	4.712	2
328.921	219.281	maskOnset	003	4	12	attentionOnFixation	6	4.712	2
329.004	219.336	stimOnset	003	4	12	attentionOnFixation	6	4.712	2
329.088	219.392	maskOnset	003	4	12	attentionOnFixation	6	4.712	2
329.171	219.447	stimOnset	003	4	12	attentionOnFixation	6	4.712	2
329.254	219.503	maskOnset	003	4	12	attentionOnFixation	6	4.712	2
329.338	219.559	stimOnset	003	4	12	attentionOnFixation	6	4.712	2
329.421	219.614	maskOnset	003	4	12	attentionOnFixation	6	4.712	2
329.504	219.670	stimOnset	003	4	12	attentionOnFixation	6	4.712	2
329.588	219.725	maskOnset	003	4	12	attentionOnFixation	6	4.712	2
329.671	219.781	stimOnset	003	4	12	attentionOnFixation	6	4.712	2
329.754	219.836	maskOnset	003	4	12	attentionOnFixation	6	4.712	2
329.838	219.892	stimOnset	003	4	12	attentionOnFixation	6	4.712	2
329.921	219.947	maskOnset	003	4	12	attentionOnFixation	6	4.712	2
330.004	220.003	stimOnset	003	4	12	attentionOnFixation	6	4.712	2
330.088	220.058	maskOnset	003	4	12	attentionOnFixation	6	4.712	2
330.171	220.114	stimOnset	003	4	12	attentionOnFixation	6	4.712	2
330.254	220.170	maskOnset	003	4	12	attentionOnFixation	6	4.712	2
330.338	220.225	stimOnset	003	4	12	attentionOnFixation	6	4.712	2
330.421	220.281	maskOnset	003	4	12	attentionOnFixation	6	4.712	2
330.504	220.336	stimOnset	003	4	12	attentionOnFixation	6	4.712	2
330.588	220.392	maskOnset	003	4	12	attentionOnFixation	6	4.712	2
330.671	220.447	stimOnset	003	4	12	attentionOnFixation	6	4.712	2
330.754	220.503	maskOnset	003	4	12	attentionOnFixation	6	4.712	2
330.838	220.558	stimOnset	003	4	12	attentionOnFixation	6	4.712	2
330.921	220.614	maskOnset	003	4	12	attentionOnFixation	6	4.712	2
331.004	220.670	stimOnset	003	4	12	attentionOnFixation	6	4.712	2
331.088	220.725	maskOnset	003	4	12	attentionOnFixation	6	4.712	2
331.171	220.781	stimOnset	003	4	12	attentionOnFixation	6	4.712	2
331.254	220.836	maskOnset	003	4	12	attentionOnFixation	6	4.712	2
331.338	220.892	stimOnset	003	4	12	attentionOnFixation	6	4.712	2
331.421	220.947	maskOnset	003	4	12	attentionOnFixation	6	4.712	2
331.504	221.003	stimOnset	003	4	12	attentionOnFixation	6	4.712	2
331.588	221.058	maskOnset	003	4	12	attentionOnFixation	6	4.712	2
331.671	221.114	stimOnset	003	4	12	attentionOnFixation	6	4.712	2
331.754	221.170	maskOnset	003	4	12	attentionOnFixation	6	4.712	2
331.838	221.225	stimOnset	003	4	12	attentionOnFixation	6	4.712	2
331.921	221.281	maskOnset	003	4	12	attentionOnFixation	6	4.712	2
332.004	221.336	stimOnset	003	4	12	attentionOnFixation	6	4.712	2
332.088	221.392	maskOnset	003	4	12	attentionOnFixation	6	4.712	2
332.171	221.447	stimOnset	003	4	12	attentionOnFixation	6	4.712	2
332.254	221.503	maskOnset	003	4	12	attentionOnFixation	6	4.712	2
332.338	221.558	stimOnset	003	4	12	attentionOnFixation	6	4.712	2
332.421	221.614	maskOnset	003	4	12	attentionOnFixation	6	4.712	2
332.504	221.670	stimOnset	003	4	12	attentionOnFixation	6	4.712	2
332.588	221.725	maskOnset	003	4	12	attentionOnFixation	6	4.712	2
332.671	221.781	stimOnset	003	4	12	attentionOnFixation	6	4.712	2
332.754	221.836	maskOnset	003	4	12	attentionOnFixation	6	4.712	2
332.838	221.892	stimOnset	003	4	12	attentionOnFixation	6	4.712	2
332.921	221.947	maskOnset	003	4	12	attentionOnFixation	6	4.712	2
333.004	222.003	stimOnset	003	4	12	attentionOnFixation	6	4.712	2
333.088	222.058	maskOnset	003	4	12	attentionOnFixation	6	4.712	2
333.171	222.114	stimOnset	003	4	12	attentionOnFixation	6	4.712	2
333.254	222.170	maskOnset	003	4	12	attentionOnFixation	6	4.712	2
333.338	222.225	stimOnset	003	4	12	attentionOnFixation	6	4.712	2
333.421	222.281	maskOnset	003	4	12	attentionOnFixation	6	4.712	2
333.504	222.336	stimOnset	003	4	12	attentionOnFixation	6	4.712	2
333.588	222.392	maskOnset	003	4	12	attentionOnFixation	6	4.712	2
333.671	222.447	stimOnset	003	4	12	attentionOnFixation	6	4.712	2
333.754	222.503	maskOnset	003	4	12	attentionOnFixation	6	4.712	2
333.838	222.558	stimOnset	003	4	12	attentionOnFixation	6	4.712	2
333.921	222.614	maskOnset	003	4	12	attentionOnFixation	6	4.712	2
334.004	222.670	stimOnset	003	4	12	attentionOnFixation	6	4.712	2
334.088	222.725	maskOnset	003	4	12	attentionOnFixation	6	4.712	2
334.171	222.781	stimOnset	003	4	12	attentionOnFixation	6	4.712	2
334.254	222.836	maskOnset	003	4	12	attentionOnFixation	6	4.712	2
334.338	222.892	stimOnset	003	4	12	attentionOnFixation	6	4.712	2
334.421	222.947	maskOnset	003	4	12	attentionOnFixation	6	4.712	2
334.504	223.003	stimOnset	003	4	12	attentionOnFixation	6	4.712	2
334.588	223.058	maskOnset	003	4	12	attentionOnFixation	6	4.712	2
334.671	223.114	breakOnset	003	4	12	attentionOnFixation	6	4.712	2
